"Time (s)","Latitude (°)","Longitude (°)","Altitude (m)","Altitude WGS84 (m)","Speed (m/s)","Direction (°)","Distance (km)","Horizontal Accuracy (m)","Vertical Accuracy (m)","Satellites"
1.060175520E0,5.162325246E1,6.974297170E0,5.229456128E1,9.702624512E1,2.800000012E-1,1.536000061E2,8.075011335E-3,3.683854675E1,2.153825569E1,2.300000000E1
1.711754010E0,5.162319669E1,6.974372090E0,4.619985766E1,9.093176270E1,0.000000000E0,0.000000000E0,1.197528774E-2,1.110327244E1,1.059221649E1,5.000000000E0
2.711597499E0,5.162316217E1,6.974382110E0,4.404362005E1,8.877563477E1,0.000000000E0,0.000000000E0,1.414584319E-2,6.781370163E0,8.132392883E0,1.300000000E1
3.712952915E0,5.162318168E1,6.974383130E0,4.505209988E1,8.978405762E1,0.000000000E0,0.000000000E0,1.626215570E-2,5.820111752E0,6.893148422E0,1.900000000E1
4.710565727E0,5.162318129E1,6.974413780E0,4.561787166E1,9.034985352E1,0.000000000E0,0.000000000E0,1.642285180E-2,5.508975983E0,6.536002636E0,2.100000000E1
5.710247133E0,5.162318225E1,6.974412040E0,4.696925520E1,9.170123291E1,0.000000000E0,0.000000000E0,1.731875136E-2,5.018335819E0,5.676283836E0,2.200000000E1
6.711269372E0,5.162317424E1,6.974413440E0,4.591313913E1,9.064514160E1,0.000000000E0,0.000000000E0,1.818495480E-2,4.840289593E0,5.263287544E0,2.200000000E1
7.709911924E0,5.162316980E1,6.974423750E0,4.521646299E1,8.994848633E1,0.000000000E0,0.000000000E0,1.876565833E-2,4.746968269E0,5.023900986E0,2.200000000E1
8.710044215E0,5.162316786E1,6.974431560E0,4.559102415E1,9.032305908E1,0.000000000E0,0.000000000E0,1.959716364E-2,4.494660378E0,4.577896118E0,2.200000000E1
9.710221507E0,5.162317450E1,6.974426020E0,4.376689024E1,8.849890137E1,0.000000000E0,0.000000000E0,2.013638175E-2,4.318765640E0,4.303414822E0,2.300000000E1
1.071143281E1,5.162317268E1,6.974418780E0,4.188407778E1,8.661608887E1,0.000000000E0,0.000000000E0,2.021349795E-2,4.298133373E0,4.313340187E0,2.300000000E1
1.170996656E1,5.162317313E1,6.974419630E0,4.212779186E1,8.685980225E1,0.000000000E0,0.000000000E0,2.039319567E-2,4.237292290E0,4.260343075E0,2.300000000E1
1.271189015E1,5.162317187E1,6.974421260E0,4.194034794E1,8.667236328E1,0.000000000E0,0.000000000E0,2.044230493E-2,4.098187923E0,4.104317665E0,2.300000000E1
1.371105026E1,5.162317145E1,6.974421040E0,4.176914325E1,8.650115967E1,0.000000000E0,0.000000000E0,2.050390752E-2,3.921156645E0,3.833698273E0,2.300000000E1
1.471110114E1,5.162317173E1,6.974420270E0,4.177616370E1,8.650817871E1,0.000000000E0,0.000000000E0,2.050963613E-2,3.790092468E0,3.570822716E0,2.200000000E1
1.571121281E1,5.162317178E1,6.974420290E0,4.174949147E1,8.648150635E1,0.000000000E0,0.000000000E0,2.056716319E-2,3.790092468E0,3.349782228E0,2.100000000E1
1.671139801E1,5.162317127E1,6.974420430E0,4.192807872E1,8.666009521E1,0.000000000E0,0.000000000E0,2.059796927E-2,3.790092468E0,3.129593134E0,2.100000000E1
1.771332932E1,5.162317100E1,6.974420530E0,4.197190109E1,8.670391846E1,0.000000000E0,0.000000000E0,2.078998506E-2,3.790092468E0,2.992616177E0,2.100000000E1
1.871108921E1,5.162317252E1,6.974419210E0,4.178196517E1,8.651397705E1,0.000000000E0,0.000000000E0,2.090972758E-2,3.790092468E0,2.744194746E0,2.100000000E1
1.971054926E1,5.162317148E1,6.974419660E0,4.203531869E1,8.676733398E1,0.000000000E0,0.000000000E0,2.091801157E-2,3.790092468E0,2.809842825E0,2.100000000E1
2.070890156E1,5.162317148E1,6.974419780E0,4.203513549E1,8.676715088E1,0.000000000E0,0.000000000E0,2.103015538E-2,3.790092468E0,2.849646568E0,2.100000000E1
2.171015077E1,5.162317049E1,6.974420090E0,4.206430713E1,8.679632568E1,0.000000000E0,0.000000000E0,2.106946350E-2,3.790092468E0,2.763410568E0,2.300000000E1
2.271167171E1,5.162317084E1,6.974420010E0,4.203293616E1,8.676495361E1,0.000000000E0,0.000000000E0,2.112621533E-2,3.790092468E0,2.901843786E0,2.300000000E1
2.371138306E1,5.162317133E1,6.974419780E0,4.197538163E1,8.670739746E1,0.000000000E0,0.000000000E0,2.113633872E-2,3.790092468E0,2.957366943E0,2.300000000E1
2.471064265E1,5.162317141E1,6.974419850E0,4.198551365E1,8.671752930E1,0.000000000E0,0.000000000E0,2.115229353E-2,3.790092468E0,3.026190519E0,2.300000000E1
2.571077499E1,5.162317150E1,6.974419670E0,4.201767958E1,8.674969482E1,0.000000000E0,0.000000000E0,2.115900084E-2,3.790092468E0,2.907715797E0,2.300000000E1
2.671123192E1,5.162317144E1,6.974419680E0,4.206089228E1,8.679290771E1,0.000000000E0,0.000000000E0,2.117130996E-2,3.790092468E0,2.956969261E0,2.300000000E1
2.771120697E1,5.162317133E1,6.974419700E0,4.206675132E1,8.679876709E1,0.000000000E0,0.000000000E0,2.118245969E-2,3.790092468E0,3.011180878E0,2.100000000E1
2.871145457E1,5.162317138E1,6.974419560E0,4.209739122E1,8.682940674E1,0.000000000E0,0.000000000E0,2.119212434E-2,3.790092468E0,3.038161993E0,2.100000000E1
2.971216874E1,5.162317138E1,6.974419700E0,4.209525488E1,8.682727051E1,0.000000000E0,0.000000000E0,2.119963603E-2,3.790092468E0,3.016263962E0,2.000000000E1
3.071112296E1,5.162317132E1,6.974419750E0,4.209732986E1,8.682934570E1,0.000000000E0,0.000000000E0,2.121326214E-2,3.790092468E0,2.975459814E0,2.100000000E1
3.171173379E1,5.162317144E1,6.974419790E0,4.212143908E1,8.685345459E1,0.000000000E0,0.000000000E0,2.122861498E-2,3.790092468E0,3.019458294E0,2.100000000E1
3.271284389E1,5.162317156E1,6.974419900E0,4.210172499E1,8.683374023E1,0.000000000E0,0.000000000E0,2.124092410E-2,3.790092468E0,3.014072895E0,2.100000000E1
3.370866191E1,5.162317145E1,6.974419920E0,4.210862163E1,8.684063721E1,0.000000000E0,0.000000000E0,2.124624361E-2,3.790092468E0,2.989278316E0,2.300000000E1
3.471131014E1,5.162317147E1,6.974419990E0,4.211655620E1,8.684857178E1,0.000000000E0,0.000000000E0,2.125391066E-2,3.790092468E0,3.015473843E0,2.300000000E1
3.571143514E1,5.162317144E1,6.974420090E0,4.212345301E1,8.685546875E1,0.000000000E0,0.000000000E0,2.126220473E-2,3.790092468E0,3.018402576E0,2.300000000E1
3.671155420E1,5.162317141E1,6.974420200E0,4.212168282E1,8.685369873E1,0.000000000E0,0.000000000E0,2.126891204E-2,3.790092468E0,3.025010824E0,2.300000000E1
3.771102233E1,5.162317147E1,6.974420190E0,4.214689053E1,8.687890625E1,0.000000000E0,0.000000000E0,2.128536645E-2,3.790092468E0,2.905411482E0,2.300000000E1
3.871101592E1,5.162317140E1,6.974420400E0,4.214524221E1,8.687725830E1,0.000000000E0,0.000000000E0,2.129006771E-2,3.790092468E0,2.946747780E0,2.300000000E1
3.970977212E1,5.162317142E1,6.974420460E0,4.214951469E1,8.688153076E1,0.000000000E0,0.000000000E0,2.129369406E-2,3.790092468E0,2.928807020E0,2.200000000E1
4.071020483E1,5.162317143E1,6.974420510E0,4.215128470E1,8.688330078E1,0.000000000E0,0.000000000E0,2.151704698E-2,3.790092468E0,2.906024456E0,2.200000000E1
4.171171686E1,5.162316944E1,6.974420950E0,4.212283610E1,8.685485840E1,0.000000000E0,0.000000000E0,2.152049864E-2,3.790092468E0,2.885396242E0,2.100000000E1
4.271099972E1,5.162316944E1,6.974421000E0,4.211819739E1,8.685021973E1,0.000000000E0,0.000000000E0,2.152049864E-2,3.790092468E0,2.799523115E0,2.200000000E1
4.371052702E1,5.162316944E1,6.974421000E0,4.212405676E1,8.685607910E1,0.000000000E0,0.000000000E0,2.152883603E-2,3.790092468E0,2.868469238E0,2.200000000E1
4.470987852E1,5.162316939E1,6.974421090E0,4.212619278E1,8.685821533E1,0.000000000E0,0.000000000E0,2.153491378E-2,3.790092468E0,2.847208500E0,2.100000000E1
4.571046061E1,5.162316935E1,6.974421150E0,4.211612181E1,8.684814453E1,0.000000000E0,0.000000000E0,2.153795265E-2,3.790092468E0,2.884850025E0,2.000000000E1
4.670958446E1,5.162316937E1,6.974421180E0,4.211111697E1,8.684313965E1,0.000000000E0,0.000000000E0,2.154358265E-2,3.790092468E0,2.877742767E0,2.000000000E1
4.771019858E1,5.162316933E1,6.974421230E0,4.210074083E1,8.683276367E1,0.000000000E0,0.000000000E0,2.155063454E-2,3.790092468E0,2.879265070E0,2.000000000E1
4.870954498E1,5.162316930E1,6.974421320E0,4.209372164E1,8.682574463E1,0.000000000E0,0.000000000E0,2.155830160E-2,3.790092468E0,2.973658562E0,2.100000000E1
4.971113618E1,5.162316927E1,6.974421420E0,4.209396561E1,8.682598877E1,0.000000000E0,0.000000000E0,2.156393508E-2,3.790092468E0,2.841408253E0,2.100000000E1
5.071239118E1,5.162316926E1,6.974421500E0,4.209610175E1,8.682812500E1,0.000000000E0,0.000000000E0,2.156754536E-2,3.790092468E0,2.633427143E0,2.200000000E1
5.171129649E1,5.162316923E1,6.974421520E0,4.210995663E1,8.684197998E1,0.000000000E0,0.000000000E0,2.157580430E-2,3.790092468E0,2.588304043E0,2.200000000E1
5.271263592E1,5.162316916E1,6.974421480E0,4.213565225E1,8.686767578E1,0.000000000E0,0.000000000E0,2.158025210E-2,3.790092468E0,2.716143847E0,2.100000000E1
5.371140993E1,5.162316912E1,6.974421480E0,4.213003690E1,8.686206055E1,0.000000000E0,0.000000000E0,2.158515841E-2,3.790092468E0,2.793551683E0,2.100000000E1
5.471128946E1,5.162316908E1,6.974421510E0,4.213162367E1,8.686364746E1,0.000000000E0,0.000000000E0,2.158646723E-2,3.790092468E0,2.852795601E0,2.100000000E1
5.571104420E1,5.162316909E1,6.974421520E0,4.213272233E1,8.686474609E1,0.000000000E0,0.000000000E0,2.158879581E-2,3.790092468E0,2.928279400E0,2.100000000E1
5.671020508E1,5.162316907E1,6.974421510E0,4.212552013E1,8.685754395E1,0.000000000E0,0.000000000E0,2.159183468E-2,3.790092468E0,2.981346846E0,2.100000000E1
5.771090378E1,5.162316909E1,6.974421480E0,4.212429951E1,8.685632324E1,0.000000000E0,0.000000000E0,2.159961833E-2,3.790092468E0,3.002216339E0,2.100000000E1
5.871277675E1,5.162316916E1,6.974421480E0,4.213455362E1,8.686657715E1,0.000000000E0,0.000000000E0,2.160618599E-2,3.790092468E0,3.051624060E0,2.200000000E1
5.971095065E1,5.162316912E1,6.974421550E0,4.214639427E1,8.687841797E1,0.000000000E0,0.000000000E0,2.160749481E-2,3.790092468E0,3.002906084E0,2.100000000E1
6.070938628E1,5.162316911E1,6.974421540E0,4.216348409E1,8.689550781E1,0.000000000E0,0.000000000E0,2.165035250E-2,3.790092468E0,2.920986176E0,2.100000000E1
6.171469477E1,5.162316876E1,6.974421280E0,4.220144712E1,8.693347168E1,0.000000000E0,0.000000000E0,2.165886714E-2,3.790092468E0,2.988788366E0,2.200000000E1
6.271222550E1,5.162316869E1,6.974421230E0,4.224136394E1,8.697338867E1,0.000000000E0,0.000000000E0,2.169131730E-2,3.790092468E0,2.985515356E0,2.200000000E1
6.371125706E1,5.162316887E1,6.974420860E0,4.232577637E1,8.705780029E1,0.000000000E0,0.000000000E0,2.174520861E-2,3.790092468E0,3.177756548E0,2.200000000E1
6.471051409E1,5.162316922E1,6.974420320E0,4.240841941E1,8.714044189E1,0.000000000E0,0.000000000E0,2.175407240E-2,3.810706377E0,3.314778566E0,2.300000000E1
6.571093643E1,5.162316927E1,6.974420220E0,4.243594649E1,8.716796875E1,0.000000000E0,0.000000000E0,2.178441356E-2,3.879198551E0,3.392512560E0,2.300000000E1
6.671122107E1,5.162316949E1,6.974419960E0,4.248233406E1,8.721435547E1,0.000000000E0,0.000000000E0,2.181740984E-2,3.909397602E0,3.422787189E0,2.300000000E1
6.771137664E1,5.162316967E1,6.974419580E0,4.254214933E1,8.727416992E1,0.000000000E0,0.000000000E0,2.186570506E-2,3.907931328E0,3.417212248E0,2.300000000E1
6.871106023E1,5.162316998E1,6.974419090E0,4.261398899E1,8.734600830E1,0.000000000E0,0.000000000E0,2.190860750E-2,3.897576332E0,3.384774685E0,2.300000000E1
6.971172820E1,5.162317029E1,6.974418720E0,4.268643892E1,8.741845703E1,0.000000000E0,0.000000000E0,2.194824033E-2,3.863633394E0,3.319008589E0,2.300000000E1
7.071154638E1,5.162317059E1,6.974418410E0,4.275797324E1,8.748999023E1,0.000000000E0,0.000000000E0,2.195549302E-2,3.892050743E0,3.362977743E0,2.300000000E1
7.171322159E1,5.162317061E1,6.974418310E0,4.278690404E1,8.751892090E1,0.000000000E0,0.000000000E0,2.199446710E-2,3.882621765E0,3.354301214E0,2.300000000E1
7.270963388E1,5.162317088E1,6.974417950E0,4.283347493E1,8.756549072E1,0.000000000E0,0.000000000E0,2.203093984E-2,3.871875763E0,3.340242624E0,2.300000000E1
7.371104836E1,5.162317115E1,6.974417650E0,4.287522400E1,8.760723877E1,0.000000000E0,0.000000000E0,2.204034236E-2,3.901882172E0,3.385500193E0,2.300000000E1
7.471052409E1,5.162317119E1,6.974417530E0,4.290037069E1,8.763238525E1,0.000000000E0,0.000000000E0,2.205031910E-2,3.950086832E0,3.435405493E0,2.300000000E1
7.571162346E1,5.162317124E1,6.974417410E0,4.294523177E1,8.767724609E1,0.000000000E0,0.000000000E0,2.206177633E-2,3.956311941E0,3.429821491E0,2.300000000E1
7.671176080E1,5.162317134E1,6.974417370E0,4.294382829E1,8.767584229E1,0.000000000E0,0.000000000E0,2.207236240E-2,3.978289127E0,3.456932545E0,2.300000000E1
7.771254830E1,5.162317143E1,6.974417320E0,4.295017625E1,8.768218994E1,0.000000000E0,0.000000000E0,2.209411084E-2,3.980089188E0,3.438368082E0,2.300000000E1
7.871053773E1,5.162317157E1,6.974417100E0,4.297538435E1,8.770739746E1,0.000000000E0,0.000000000E0,2.210815591E-2,3.958110094E0,3.385135651E0,2.200000000E1
7.971011226E1,5.162317168E1,6.974417000E0,4.298985008E1,8.772186279E1,0.000000000E0,0.000000000E0,2.212855009E-2,3.919606209E0,3.318820715E0,2.200000000E1
8.070979836E1,5.162317183E1,6.974416830E0,4.301102985E1,8.774304199E1,0.000000000E0,0.000000000E0,2.243331333E-2,3.875676870E0,3.254528999E0,2.200000000E1
8.171084872E1,5.162316912E1,6.974417490E0,4.300534507E1,8.773736572E1,0.000000000E0,0.000000000E0,2.245524828E-2,3.821712255E0,3.201070309E0,2.300000000E1
8.271085757E1,5.162316930E1,6.974417360E0,4.302408349E1,8.775610352E1,0.000000000E0,0.000000000E0,2.248039382E-2,3.790092468E0,3.155480862E0,2.300000000E1
8.371089387E1,5.162316950E1,6.974417190E0,4.304318821E1,8.777520752E1,0.000000000E0,0.000000000E0,2.250551867E-2,3.790092468E0,3.103903532E0,2.300000000E1
8.471069419E1,5.162316968E1,6.974416970E0,4.305850873E1,8.779052734E1,0.000000000E0,0.000000000E0,2.252328863E-2,3.790092468E0,3.121672630E0,2.300000000E1
8.571345887E1,5.162316980E1,6.974416800E0,4.308182465E1,8.781384277E1,0.000000000E0,0.000000000E0,2.253569793E-2,3.790092468E0,3.162517548E0,2.200000000E1
8.671060471E1,5.162316987E1,6.974416660E0,4.310959595E1,8.784161377E1,0.000000000E0,0.000000000E0,2.256737480E-2,3.790092468E0,3.200430393E0,2.200000000E1
8.771004398E1,5.162317012E1,6.974416440E0,4.314695037E1,8.787896729E1,0.000000000E0,0.000000000E0,2.257993722E-2,3.807954788E0,3.248240232E0,2.200000000E1
8.871324544E1,5.162317021E1,6.974416330E0,4.317142582E1,8.790344238E1,0.000000000E0,0.000000000E0,2.260611347E-2,3.807494640E0,3.278523922E0,2.200000000E1
8.971056293E1,5.162317041E1,6.974416130E0,4.322123125E1,8.795324707E1,0.000000000E0,0.000000000E0,2.262703874E-2,3.848438025E0,3.368002176E0,2.200000000E1
9.071171351E1,5.162317058E1,6.974416000E0,4.325412980E1,8.798614502E1,0.000000000E0,0.000000000E0,2.263699798E-2,3.833811283E0,3.364242554E0,2.200000000E1
9.171320976E1,5.162317065E1,6.974415910E0,4.327616377E1,8.800817871E1,0.000000000E0,0.000000000E0,2.264421854E-2,3.817352772E0,3.341844320E0,2.300000000E1
9.271173569E1,5.162317059E1,6.974415870E0,4.330045561E1,8.803247070E1,0.000000000E0,0.000000000E0,2.264552735E-2,3.790092468E0,3.301906586E0,2.300000000E1
9.371109970E1,5.162317058E1,6.974415880E0,4.330655909E1,8.803857422E1,0.000000000E0,0.000000000E0,2.265590887E-2,3.790092468E0,3.253654718E0,2.300000000E1
9.471288257E1,5.162317049E1,6.974415920E0,4.332218379E1,8.805419922E1,0.000000000E0,0.000000000E0,2.266023932E-2,3.790092468E0,3.253866673E0,2.300000000E1
9.571123871E1,5.162317052E1,6.974415880E0,4.333060676E1,8.806262207E1,0.000000000E0,0.000000000E0,2.266468711E-2,3.790092468E0,3.276452780E0,2.300000000E1
9.671003548E1,5.162317056E1,6.974415880E0,4.334037251E1,8.807238770E1,0.000000000E0,0.000000000E0,2.267655300E-2,3.793679714E0,3.314404249E0,2.300000000E1
9.771093725E1,5.162317046E1,6.974415940E0,4.335489853E1,8.808691406E1,0.000000000E0,0.000000000E0,2.268537010E-2,3.790092468E0,3.280369043E0,2.100000000E1
9.871027418E1,5.162317039E1,6.974416000E0,4.335953695E1,8.809155273E1,0.000000000E0,0.000000000E0,2.270110408E-2,3.797092199E0,3.315411091E0,2.300000000E1
9.971274507E1,5.162317026E1,6.974416090E0,4.336429724E1,8.809631348E1,0.000000000E0,0.000000000E0,2.271289229E-2,3.790092468E0,3.215376377E0,2.300000000E1
1.007093989E2,5.162317027E1,6.974415920E0,4.336802054E1,8.810003662E1,0.000000000E0,0.000000000E0,2.298532074E-2,3.790092468E0,3.121304750E0,2.300000000E1
1.017116917E2,5.162316782E1,6.974415910E0,4.335916320E1,8.809118652E1,0.000000000E0,0.000000000E0,2.299805825E-2,3.790092468E0,3.000439405E0,2.300000000E1
1.027086428E2,5.162316772E1,6.974416000E0,4.337985376E1,8.811187744E1,0.000000000E0,0.000000000E0,2.300569921E-2,3.790092468E0,3.041662931E0,2.300000000E1
1.037088073E2,5.162316768E1,6.974415910E0,4.339523457E1,8.812725830E1,0.000000000E0,0.000000000E0,2.300681116E-2,3.790092468E0,3.109788179E0,2.300000000E1
1.047090904E2,5.162316767E1,6.974415910E0,4.340329118E1,8.813531494E1,0.000000000E0,0.000000000E0,2.301693454E-2,3.790092468E0,3.084376335E0,2.300000000E1
1.057086208E2,5.162316775E1,6.974415840E0,4.340518356E1,8.813720703E1,0.000000000E0,0.000000000E0,2.302909004E-2,3.790092468E0,3.105430603E0,2.300000000E1
1.067081901E2,5.162316783E1,6.974415720E0,4.341757402E1,8.814959717E1,0.000000000E0,0.000000000E0,2.303301648E-2,3.790092468E0,3.151266575E0,2.300000000E1
1.077095906E2,5.162316786E1,6.974415690E0,4.343203946E1,8.816406250E1,0.000000000E0,0.000000000E0,2.304183358E-2,3.790092468E0,3.120997667E0,2.300000000E1
1.087107125E2,5.162316793E1,6.974415630E0,4.343002555E1,8.816204834E1,0.000000000E0,0.000000000E0,2.304537909E-2,3.790092468E0,3.122145653E0,2.300000000E1
1.097104192E2,5.162316795E1,6.974415590E0,4.344851930E1,8.818054199E1,0.000000000E0,0.000000000E0,2.304537909E-2,3.790092468E0,3.041763544E0,2.200000000E1
1.107091093E2,5.162316795E1,6.974415590E0,4.345163209E1,8.818365479E1,0.000000000E0,0.000000000E0,2.304892460E-2,3.790092468E0,3.103489876E0,2.200000000E1
1.117101662E2,5.162316797E1,6.974415630E0,4.346475468E1,8.819677734E1,0.000000000E0,0.000000000E0,2.305125318E-2,3.790092468E0,3.152107239E0,2.200000000E1
1.127106225E2,5.162316799E1,6.974415620E0,4.347104136E1,8.820306396E1,0.000000000E0,0.000000000E0,2.305718613E-2,3.790092468E0,3.164491177E0,2.200000000E1
1.137111341E2,5.162316804E1,6.974415590E0,4.348660550E1,8.821862793E1,0.000000000E0,0.000000000E0,2.305829808E-2,3.790092468E0,3.158150911E0,2.300000000E1
1.147102804E2,5.162316803E1,6.974415590E0,4.348959619E1,8.822161865E1,0.000000000E0,0.000000000E0,2.305941002E-2,3.790092468E0,3.159229279E0,2.300000000E1
1.157106046E2,5.162316804E1,6.974415590E0,4.349679837E1,8.822882080E1,0.000000000E0,0.000000000E0,2.306792467E-2,3.790092468E0,3.215881586E0,2.300000000E1
1.167122315E2,5.162316797E1,6.974415640E0,4.350052127E1,8.823254395E1,0.000000000E0,0.000000000E0,2.307025325E-2,3.790092468E0,3.234957933E0,2.200000000E1
1.177142098E2,5.162316799E1,6.974415650E0,4.350381722E1,8.823583984E1,0.000000000E0,0.000000000E0,2.307491040E-2,3.790092468E0,3.141479731E0,2.200000000E1
1.187103348E2,5.162316795E1,6.974415630E0,4.351614622E1,8.824816895E1,0.000000000E0,0.000000000E0,2.308227669E-2,3.790092468E0,3.069283724E0,2.200000000E1
1.197113972E2,5.162316790E1,6.974415700E0,4.351993020E1,8.825195312E1,0.000000000E0,0.000000000E0,2.308672449E-2,3.790092468E0,3.041927814E0,2.200000000E1
1.207096013E2,5.162316786E1,6.974415700E0,4.352676602E1,8.825878906E1,0.000000000E0,0.000000000E0,2.339829107E-2,3.790092468E0,3.031270981E0,2.200000000E1
1.217109870E2,5.162316509E1,6.974416380E0,4.351851756E1,8.825054932E1,0.000000000E0,0.000000000E0,2.340061965E-2,3.790092468E0,3.074691534E0,2.300000000E1
1.227106122E2,5.162316507E1,6.974416370E0,4.352590277E1,8.825793457E1,0.000000000E0,0.000000000E0,2.555218713E-2,3.790092468E0,3.131915092E0,2.300000000E1
1.237112834E2,5.162314585E1,6.974419970E0,4.410055021E1,8.883264160E1,1.710000038E0,1.745000000E2,2.598139096E-2,3.790092468E0,3.123986483E0,2.300000000E1
1.247117007E2,5.162314471E1,6.974425910E0,4.484956582E1,8.958166504E1,7.300000191E-1,1.571000061E2,2.705908631E-2,3.790092468E0,3.163858891E0,2.300000000E1
1.257122467E2,5.162313504E1,6.974426960E0,4.422240018E1,8.895452881E1,6.700000167E-1,1.661999969E2,2.827936358E-2,3.820701599E0,3.236226082E0,2.300000000E1
1.267116575E2,5.162312407E1,6.974426470E0,4.309755119E1,8.782971191E1,5.699999928E-1,1.546999969E2,2.919684142E-2,3.891847610E0,3.355302095E0,2.300000000E1
1.277168944E2,5.162311820E1,6.974435810E0,4.297423580E1,8.770642090E1,7.599999905E-1,1.435000000E2,3.042083530E-2,3.916812658E0,3.401054859E0,2.400000000E1
1.287108929E2,5.162310833E1,6.974443660E0,4.276411770E1,8.749633789E1,1.000000000E0,1.553999939E2,3.125564591E-2,3.997261763E0,3.574048758E0,2.400000000E1
1.297109584E2,5.162310208E1,6.974450360E0,4.262932855E1,8.736157227E1,5.699999928E-1,1.315000000E2,3.219543267E-2,4.115269661E0,3.667294502E0,2.400000000E1
1.307104115E2,5.162310350E1,6.974463780E0,4.226952045E1,8.700177002E1,9.599999785E-1,6.250000000E1,3.256305924E-2,4.137445450E0,3.730305433E0,2.400000000E1
1.317114273E2,5.162310203E1,6.974468550E0,4.386149251E1,8.859375000E1,0.000000000E0,0.000000000E0,3.374164353E-2,4.047240257E0,3.606285810E0,2.400000000E1
1.327124139E2,5.162309559E1,6.974482110E0,4.353474210E1,8.826702881E1,1.000000000E0,1.043000031E2,3.475409529E-2,4.130836010E0,3.701065302E0,2.300000000E1
1.337120714E2,5.162308832E1,6.974490940E0,4.427140830E1,8.900372314E1,5.600000024E-1,1.248000031E2,3.612007317E-2,4.052867889E0,3.586265802E0,2.200000000E1
1.347157463E2,5.162307923E1,6.974504250E0,4.411567074E1,8.884802246E1,1.250000000E0,1.240000000E2,3.718683168E-2,4.205153465E0,3.774072409E0,2.300000000E1
1.357178436E2,5.162307484E1,6.974517990E0,4.466655077E1,8.939892578E1,7.500000000E-1,1.051999969E2,3.824571143E-2,4.267848969E0,4.060037613E0,2.300000000E1
1.367119054E2,5.162307452E1,6.974533320E0,4.494131861E1,8.967370605E1,8.500000238E-1,8.440000153E1,3.941961054E-2,4.337259769E0,4.099041939E0,2.300000000E1
1.377123009E2,5.162307395E1,6.974550300E0,4.554420947E1,9.027661133E1,8.199999928E-1,9.009999847E1,4.060071446E-2,4.333124161E0,4.059998989E0,2.200000000E1
1.387099040E2,5.162307457E1,6.974567380E0,4.480701589E1,8.953942871E1,7.900000215E-1,8.940000153E1,4.128734507E-2,4.326660156E0,4.068471432E0,2.200000000E1
1.397104000E2,5.162307837E1,6.974575220E0,4.583888162E1,9.057128906E1,5.500000119E-1,8.899999619E0,4.202661986E-2,4.107979298E0,3.754631281E0,2.300000000E1
1.407152754E2,5.162308501E1,6.974574680E0,4.608835236E1,9.082073975E1,5.600000024E-1,3.526000061E2,4.309903353E-2,3.826560020E0,3.328412056E0,2.200000000E1
1.417100305E2,5.162309464E1,6.974575530E0,4.640960825E1,9.114196777E1,9.200000167E-1,4.300000191E0,4.368100302E-2,3.790092468E0,3.251487494E0,2.200000000E1
1.427112977E2,5.162309889E1,6.974580450E0,4.680414840E1,9.153649902E1,6.200000048E-1,9.100000381E0,4.395322578E-2,3.790092468E0,3.151188612E0,2.200000000E1
1.437107885E2,5.162309936E1,6.974584320E0,4.694037736E1,9.167272949E1,0.000000000E0,0.000000000E0,4.498740311E-2,3.790092468E0,2.913193226E0,2.200000000E1
1.447132887E2,5.162310267E1,6.974598320E0,4.682050362E1,9.155285645E1,9.499999881E-1,5.520000076E1,4.548935549E-2,3.790092468E0,2.687617302E0,2.200000000E1
1.457095512E2,5.162310204E1,6.974605520E0,4.680560378E1,9.153796387E1,0.000000000E0,0.000000000E0,4.558673712E-2,3.790092468E0,2.521927595E0,2.100000000E1
1.467121791E2,5.162310170E1,6.974606820E0,4.681573364E1,9.154809570E1,0.000000000E0,0.000000000E0,4.561675774E-2,3.790092468E0,2.606293917E0,2.300000000E1
1.477166841E2,5.162310163E1,6.974607240E0,4.681097237E1,9.154333496E1,0.000000000E0,0.000000000E0,4.562780307E-2,3.790092468E0,2.613865852E0,2.400000000E1
1.487172502E2,5.162310163E1,6.974607400E0,4.680932430E1,9.154168701E1,0.000000000E0,0.000000000E0,4.599990671E-2,3.790092468E0,2.596398354E0,2.400000000E1
1.497111572E2,5.162310474E1,6.974609390E0,4.638983739E1,9.112219238E1,2.199999988E-1,2.739999962E1,4.615633644E-2,3.790092468E0,2.726325512E0,2.400000000E1
1.507090738E2,5.162310608E1,6.974608700E0,4.639026912E1,9.112261963E1,0.000000000E0,0.000000000E0,4.619059365E-2,3.790092468E0,2.729574442E0,2.400000000E1
1.517101388E2,5.162310633E1,6.974608410E0,4.638831695E1,9.112066650E1,0.000000000E0,0.000000000E0,4.619972714E-2,3.790092468E0,2.575586557E0,2.400000000E1
1.527102448E2,5.162310641E1,6.974608380E0,4.638740168E1,9.111975098E1,0.000000000E0,0.000000000E0,4.620333742E-2,3.790092468E0,2.511852026E0,2.400000000E1
1.537100279E2,5.162310644E1,6.974608400E0,4.638294619E1,9.111529541E1,0.000000000E0,0.000000000E0,4.620667327E-2,3.790092468E0,2.500000000E0,2.200000000E1
1.547099849E2,5.162310647E1,6.974608400E0,4.638074901E1,9.111309814E1,0.000000000E0,0.000000000E0,4.620902390E-2,3.790092468E0,2.500000000E0,2.200000000E1
1.557100265E2,5.162310648E1,6.974608430E0,4.638227490E1,9.111462402E1,0.000000000E0,0.000000000E0,4.621316590E-2,3.790092468E0,2.500000000E0,2.200000000E1
1.567110900E2,5.162310648E1,6.974608490E0,4.638172554E1,9.111407471E1,0.000000000E0,0.000000000E0,4.621661757E-2,3.790092468E0,2.500000000E0,2.200000000E1
1.577116360E2,5.162310648E1,6.974608540E0,4.638105411E1,9.111340332E1,0.000000000E0,0.000000000E0,4.622440122E-2,3.790092468E0,2.500000000E0,2.200000000E1
1.587127327E2,5.162310655E1,6.974608540E0,4.637714807E1,9.110949707E1,0.000000000E0,0.000000000E0,4.622571003E-2,3.790092468E0,2.500000000E0,2.100000000E1
1.597103395E2,5.162310656E1,6.974608550E0,4.637617153E1,9.110852051E1,0.000000000E0,0.000000000E0,4.622868684E-2,3.790092468E0,2.500000000E0,2.000000000E1
1.607086898E2,5.162310657E1,6.974608510E0,4.637635469E1,9.110870361E1,0.000000000E0,0.000000000E0,4.622937717E-2,3.790092468E0,2.500000000E0,2.000000000E1
1.617117096E2,5.162310657E1,6.974608500E0,4.637385226E1,9.110620117E1,0.000000000E0,0.000000000E0,4.623068598E-2,3.790092468E0,2.500000000E0,2.000000000E1
1.627122387E2,5.162310658E1,6.974608510E0,4.636817601E1,9.110052490E1,0.000000000E0,0.000000000E0,4.623366279E-2,3.790092468E0,2.500000000E0,2.000000000E1
1.637110491E2,5.162310657E1,6.974608550E0,4.637067840E1,9.110302734E1,0.000000000E0,0.000000000E0,4.623599137E-2,3.790092468E0,2.500000000E0,2.000000000E1
1.647116167E2,5.162310655E1,6.974608540E0,4.636829797E1,9.110064697E1,0.000000000E0,0.000000000E0,4.623776413E-2,3.790092468E0,2.500000000E0,2.000000000E1
1.657111226E2,5.162310654E1,6.974608520E0,4.636494102E1,9.109729004E1,0.000000000E0,0.000000000E0,4.623845446E-2,3.790092468E0,2.500000000E0,2.100000000E1
1.667112406E2,5.162310654E1,6.974608530E0,4.636487998E1,9.109722900E1,0.000000000E0,0.000000000E0,4.623976328E-2,3.790092468E0,2.500000000E0,2.100000000E1
1.677110612E2,5.162310655E1,6.974608540E0,4.636640588E1,9.109875488E1,0.000000000E0,0.000000000E0,4.624107209E-2,3.790092468E0,2.500000000E0,2.100000000E1
1.687095997E2,5.162310656E1,6.974608550E0,4.636787075E1,9.110021973E1,0.000000000E0,0.000000000E0,4.631925185E-2,3.790092468E0,2.500000000E0,2.100000000E1
1.697108111E2,5.162310623E1,6.974607550E0,4.639539738E1,9.112774658E1,1.899999976E-1,2.722999878E2,4.644883582E-2,3.790092468E0,2.500000000E0,2.100000000E1
1.707115430E2,5.162310660E1,6.974609330E0,4.632300944E1,9.105535889E1,0.000000000E0,0.000000000E0,4.670669927E-2,3.790092468E0,2.500000000E0,2.100000000E1
1.717100623E2,5.162310681E1,6.974613050E0,4.633558052E1,9.106793213E1,0.000000000E0,0.000000000E0,4.677160013E-2,3.790092468E0,2.500000000E0,2.000000000E1
1.727117559E2,5.162310682E1,6.974613990E0,4.633387086E1,9.106622314E1,0.000000000E0,0.000000000E0,4.678954879E-2,3.790092468E0,2.500000000E0,2.000000000E1
1.737094635E2,5.162310682E1,6.974614250E0,4.633619000E1,9.106854248E1,0.000000000E0,0.000000000E0,4.679722344E-2,3.790092468E0,2.500000000E0,2.000000000E1
1.747102036E2,5.162310683E1,6.974614360E0,4.633521339E1,9.106756592E1,0.000000000E0,0.000000000E0,4.680218206E-2,3.790092468E0,2.500000000E0,2.000000000E1
1.757119323E2,5.162310684E1,6.974614430E0,4.633368748E1,9.106604004E1,0.000000000E0,0.000000000E0,4.680494339E-2,3.790092468E0,2.500000000E0,2.000000000E1
1.767094505E2,5.162310684E1,6.974614470E0,4.633356538E1,9.106591797E1,0.000000000E0,0.000000000E0,4.681026290E-2,3.790092468E0,2.500000000E0,2.000000000E1
1.777115740E2,5.162310682E1,6.974614540E0,4.633246664E1,9.106481934E1,0.000000000E0,0.000000000E0,4.681589639E-2,3.790092468E0,2.500000000E0,2.000000000E1
1.787104786E2,5.162310681E1,6.974614620E0,4.633112378E1,9.106347656E1,0.000000000E0,0.000000000E0,4.682018505E-2,3.790092468E0,2.500000000E0,2.100000000E1
1.797103446E2,5.162310680E1,6.974614680E0,4.633039128E1,9.106274414E1,0.000000000E0,0.000000000E0,4.682294639E-2,3.790092468E0,2.500000000E0,2.100000000E1
1.807095061E2,5.162310680E1,6.974614720E0,4.632886537E1,9.106121826E1,0.000000000E0,0.000000000E0,4.682570772E-2,3.790092468E0,2.500000000E0,2.100000000E1
1.817112939E2,5.162310680E1,6.974614760E0,4.632837706E1,9.106072998E1,0.000000000E0,0.000000000E0,4.682963416E-2,3.790092468E0,2.500000000E0,2.100000000E1
1.827109320E2,5.162310683E1,6.974614790E0,4.633216131E1,9.106451416E1,0.000000000E0,0.000000000E0,4.683196274E-2,3.790092468E0,2.500000000E0,2.100000000E1
1.837104200E2,5.162310685E1,6.974614800E0,4.633057444E1,9.106292725E1,0.000000000E0,0.000000000E0,4.683606880E-2,3.790092468E0,2.500000000E0,2.100000000E1
1.847098513E2,5.162310683E1,6.974614850E0,4.633002503E1,9.106237793E1,0.000000000E0,0.000000000E0,4.683737761E-2,3.790092468E0,2.500000000E0,2.100000000E1
1.857104991E2,5.162310684E1,6.974614860E0,4.632471499E1,9.105706787E1,0.000000000E0,0.000000000E0,4.683944861E-2,3.790092468E0,2.500000000E0,2.200000000E1
1.867108831E2,5.162310684E1,6.974614890E0,4.632373841E1,9.105609131E1,0.000000000E0,0.000000000E0,4.684151961E-2,3.790092468E0,2.500000000E0,2.200000000E1
1.877107821E2,5.162310684E1,6.974614920E0,4.632288389E1,9.105523682E1,0.000000000E0,0.000000000E0,4.684596741E-2,3.790092468E0,2.500000000E0,2.200000000E1
1.887105299E2,5.162310688E1,6.974614920E0,4.632508128E1,9.105743408E1,0.000000000E0,0.000000000E0,4.685041520E-2,3.790092468E0,2.500000000E0,2.200000000E1
1.897108284E2,5.162310692E1,6.974614920E0,4.632581382E1,9.105816650E1,0.000000000E0,0.000000000E0,4.685041520E-2,3.790092468E0,2.500000000E0,2.100000000E1
1.907109766E2,5.162310692E1,6.974614920E0,4.632648521E1,9.105883789E1,0.000000000E0,0.000000000E0,4.685152715E-2,3.790092468E0,2.500000000E0,2.100000000E1
1.917150321E2,5.162310691E1,6.974614920E0,4.632428791E1,9.105664062E1,0.000000000E0,0.000000000E0,4.685414478E-2,3.790092468E0,2.500000000E0,2.100000000E1
1.927122833E2,5.162310689E1,6.974614900E0,4.632489822E1,9.105725098E1,0.000000000E0,0.000000000E0,4.685483511E-2,3.790092468E0,2.500000000E0,2.100000000E1
1.937130136E2,5.162310689E1,6.974614890E0,4.632129715E1,9.105364990E1,0.000000000E0,0.000000000E0,4.685716369E-2,3.790092468E0,2.500000000E0,2.100000000E1
1.947094788E2,5.162310691E1,6.974614880E0,4.632361655E1,9.105596924E1,0.000000000E0,0.000000000E0,4.685716369E-2,3.790092468E0,2.500000000E0,2.100000000E1
1.957111253E2,5.162310691E1,6.974614880E0,4.632178550E1,9.105413818E1,0.000000000E0,0.000000000E0,4.685847251E-2,3.790092468E0,2.500000000E0,2.200000000E1
1.967106288E2,5.162310692E1,6.974614890E0,4.632251794E1,9.105487061E1,0.000000000E0,0.000000000E0,4.685847251E-2,3.790092468E0,2.500000000E0,2.200000000E1
1.977107529E2,5.162310692E1,6.974614890E0,4.632111413E1,9.105346680E1,0.000000000E0,0.000000000E0,4.686080109E-2,3.790092468E0,2.500000000E0,2.200000000E1
1.987112899E2,5.162310694E1,6.974614880E0,4.632025971E1,9.105261230E1,0.000000000E0,0.000000000E0,4.686413693E-2,3.790092468E0,2.500000000E0,2.200000000E1
1.997196004E2,5.162310691E1,6.974614880E0,4.631769614E1,9.105004883E1,0.000000000E0,0.000000000E0,4.686524888E-2,3.790092468E0,2.500000000E0,2.200000000E1
2.007091041E2,5.162310690E1,6.974614880E0,4.631769611E1,9.105004883E1,0.000000000E0,0.000000000E0,4.686636083E-2,3.790092468E0,2.500000000E0,2.200000000E1
2.017121791E2,5.162310691E1,6.974614880E0,4.631855064E1,9.105090332E1,0.000000000E0,0.000000000E0,4.686766964E-2,3.790092468E0,2.500000000E0,2.200000000E1
2.027108100E2,5.162310690E1,6.974614890E0,4.632166339E1,9.105401611E1,0.000000000E0,0.000000000E0,4.686897846E-2,3.790092468E0,2.500000000E0,2.200000000E1
2.037109164E2,5.162310691E1,6.974614880E0,4.632538657E1,9.105773926E1,0.000000000E0,0.000000000E0,4.687009040E-2,3.790092468E0,2.500000000E0,2.200000000E1
2.047117107E2,5.162310692E1,6.974614880E0,4.632532557E1,9.105767822E1,0.000000000E0,0.000000000E0,4.687147107E-2,3.790092468E0,2.500000000E0,2.300000000E1
2.057115964E2,5.162310692E1,6.974614900E0,4.632709557E1,9.105944824E1,0.000000000E0,0.000000000E0,4.687740402E-2,3.790092468E0,2.500000000E0,2.300000000E1
2.067107442E2,5.162310697E1,6.974614870E0,4.632361674E1,9.105596924E1,0.000000000E0,0.000000000E0,4.687975465E-2,3.790092468E0,2.500000000E0,2.300000000E1
2.077109185E2,5.162310698E1,6.974614840E0,4.632477646E1,9.105712891E1,0.000000000E0,0.000000000E0,4.688197855E-2,3.790092468E0,2.500000000E0,2.300000000E1
2.087094275E2,5.162310700E1,6.974614840E0,4.632111441E1,9.105346680E1,0.000000000E0,0.000000000E0,4.688552406E-2,3.790092468E0,2.500000000E0,2.300000000E1
2.097110648E2,5.162310702E1,6.974614800E0,4.632410522E1,9.105645752E1,0.000000000E0,0.000000000E0,4.689145701E-2,3.790092468E0,2.500000000E0,2.300000000E1
2.107134606E2,5.162310707E1,6.974614770E0,4.632343400E1,9.105578613E1,0.000000000E0,0.000000000E0,4.689407463E-2,3.790092468E0,2.500000000E0,2.400000000E1
2.117106971E2,5.162310709E1,6.974614750E0,4.632361718E1,9.105596924E1,0.000000000E0,0.000000000E0,4.689538344E-2,3.790092468E0,2.500000000E0,2.400000000E1
2.127207918E2,5.162310710E1,6.974614740E0,4.632288480E1,9.105523682E1,0.000000000E0,0.000000000E0,4.689607378E-2,3.790092468E0,2.500000000E0,2.400000000E1
2.137102189E2,5.162310710E1,6.974614730E0,4.632288481E1,9.105523682E1,0.000000000E0,0.000000000E0,4.689718573E-2,3.790092468E0,2.500000000E0,2.400000000E1
2.147110563E2,5.162310709E1,6.974614730E0,4.632380030E1,9.105615234E1,0.000000000E0,0.000000000E0,4.689856639E-2,3.790092468E0,2.500000000E0,2.400000000E1
2.157110503E2,5.162310709E1,6.974614710E0,4.632441067E1,9.105676270E1,0.000000000E0,0.000000000E0,4.723494046E-2,3.790092468E0,2.500000000E0,2.400000000E1
2.167107953E2,5.162310496E1,6.974618170E0,4.648638908E1,9.121875000E1,3.400000036E-1,1.333999939E2,4.773794008E-2,3.790092468E0,2.500000000E0,2.200000000E1
2.177097411E2,5.162310044E1,6.974617880E0,4.634910785E1,9.108148193E1,0.000000000E0,0.000000000E0,4.790557785E-2,3.790092468E0,2.500000000E0,2.200000000E1
2.187110695E2,5.162309895E1,6.974617510E0,4.634953096E1,9.108190918E1,0.000000000E0,0.000000000E0,4.794718645E-2,3.790092468E0,2.500000000E0,2.200000000E1
2.197106138E2,5.162309858E1,6.974617420E0,4.635026236E1,9.108264160E1,0.000000000E0,0.000000000E0,4.795740604E-2,3.790092468E0,2.500000000E0,2.100000000E1
2.207089793E2,5.162309849E1,6.974617390E0,4.635154385E1,9.108392334E1,0.000000000E0,0.000000000E0,4.795871485E-2,3.790092468E0,2.500000000E0,2.100000000E1
2.217103479E2,5.162309848E1,6.974617380E0,4.635581629E1,9.108819580E1,0.000000000E0,0.000000000E0,4.795940518E-2,3.790092468E0,2.500000000E0,2.100000000E1
2.227107766E2,5.162309848E1,6.974617370E0,4.635880702E1,9.109118652E1,0.000000000E0,0.000000000E0,4.796175581E-2,3.790092468E0,2.500000000E0,2.000000000E1
2.237118638E2,5.162309849E1,6.974617340E0,4.635868500E1,9.109106445E1,0.000000000E0,0.000000000E0,4.796352857E-2,3.790092468E0,2.500000000E0,2.000000000E1
2.247110226E2,5.162309850E1,6.974617320E0,4.635966161E1,9.109204102E1,0.000000000E0,0.000000000E0,4.796587921E-2,3.790092468E0,2.500000000E0,2.100000000E1
2.257107982E2,5.162309849E1,6.974617350E0,4.636094330E1,9.109332275E1,0.000000000E0,0.000000000E0,4.796822984E-2,3.790092468E0,2.500000000E0,2.100000000E1
2.267110347E2,5.162309848E1,6.974617380E0,4.636613123E1,9.109851074E1,0.000000000E0,0.000000000E0,4.797000260E-2,3.790092468E0,2.500000000E0,2.100000000E1
2.277109552E2,5.162309849E1,6.974617400E0,4.636954922E1,9.110192871E1,0.000000000E0,0.000000000E0,4.797433305E-2,3.790092468E0,2.500000000E0,2.100000000E1
2.287124955E2,5.162309846E1,6.974617440E0,4.637131912E1,9.110369873E1,0.000000000E0,0.000000000E0,4.797666163E-2,3.790092468E0,2.500000000E0,2.100000000E1
2.297113167E2,5.162309844E1,6.974617450E0,4.637253975E1,9.110491943E1,0.000000000E0,0.000000000E0,4.797797044E-2,3.790092468E0,2.500000000E0,2.100000000E1
2.307126372E2,5.162309843E1,6.974617440E0,4.637339422E1,9.110577393E1,0.000000000E0,0.000000000E0,4.797908239E-2,3.790092468E0,2.500000000E0,2.000000000E1
2.317116107E2,5.162309842E1,6.974617440E0,4.637095279E1,9.110333252E1,0.000000000E0,0.000000000E0,4.798141097E-2,3.790092468E0,2.500000000E0,2.000000000E1
2.327095951E2,5.162309840E1,6.974617450E0,4.637070858E1,9.110308838E1,0.000000000E0,0.000000000E0,4.798363487E-2,3.790092468E0,2.500000000E0,2.000000000E1
2.337106826E2,5.162309838E1,6.974617450E0,4.637595754E1,9.110833740E1,0.000000000E0,0.000000000E0,4.798540763E-2,3.790092468E0,2.500000000E0,2.000000000E1
2.347107717E2,5.162309837E1,6.974617430E0,4.637430958E1,9.110668945E1,0.000000000E0,0.000000000E0,4.798671644E-2,3.790092468E0,2.500000000E0,2.000000000E1
2.357108185E2,5.162309836E1,6.974617440E0,4.637351609E1,9.110589600E1,0.000000000E0,0.000000000E0,4.799104690E-2,3.790092468E0,2.500000000E0,2.000000000E1
2.367109462E2,5.162309833E1,6.974617480E0,4.637266147E1,9.110504150E1,0.000000000E0,0.000000000E0,4.799445343E-2,3.790092468E0,2.500000000E0,2.000000000E1
2.377113993E2,5.162309830E1,6.974617470E0,4.637083034E1,9.110321045E1,0.000000000E0,0.000000000E0,4.799678201E-2,3.790092468E0,2.500000000E0,2.000000000E1
2.387113857E2,5.162309828E1,6.974617480E0,4.636851094E1,9.110089111E1,0.000000000E0,0.000000000E0,4.800111246E-2,3.790092468E0,2.500000000E0,2.000000000E1
2.397116799E2,5.162309825E1,6.974617520E0,4.636655769E1,9.109893799E1,0.000000000E0,0.000000000E0,4.800344104E-2,3.790092468E0,2.500000000E0,2.000000000E1
2.407102418E2,5.162309823E1,6.974617530E0,4.637021974E1,9.110260010E1,0.000000000E0,0.000000000E0,4.800705132E-2,3.790092468E0,2.500000000E0,1.900000000E1
2.417112690E2,5.162309820E1,6.974617550E0,4.637125723E1,9.110363770E1,0.000000000E0,0.000000000E0,4.800774166E-2,3.790092468E0,2.500000000E0,1.900000000E1
2.427114046E2,5.162309820E1,6.974617560E0,4.637144033E1,9.110382080E1,0.000000000E0,0.000000000E0,4.800905047E-2,3.790092468E0,2.500000000E0,2.000000000E1
2.437113173E2,5.162309819E1,6.974617570E0,4.637113511E1,9.110351562E1,0.000000000E0,0.000000000E0,4.801082323E-2,3.790092468E0,2.500000000E0,2.100000000E1
2.447112944E2,5.162309818E1,6.974617590E0,4.636991437E1,9.110229492E1,0.000000000E0,0.000000000E0,4.801213204E-2,3.790092468E0,2.500000000E0,2.100000000E1
2.457116562E2,5.162309819E1,6.974617600E0,4.637424788E1,9.110662842E1,0.000000000E0,0.000000000E0,4.801324399E-2,3.790092468E0,2.500000000E0,2.100000000E1
2.467109644E2,5.162309820E1,6.974617600E0,4.637528551E1,9.110766602E1,0.000000000E0,0.000000000E0,4.801501675E-2,3.790092468E0,2.500000000E0,2.100000000E1
2.477109624E2,5.162309819E1,6.974617620E0,4.637430890E1,9.110668945E1,0.000000000E0,0.000000000E0,4.801805562E-2,3.790092468E0,2.500000000E0,2.100000000E1
2.487097187E2,5.162309817E1,6.974617590E0,4.638138895E1,9.111376953E1,0.000000000E0,0.000000000E0,4.802368562E-2,3.790092468E0,2.500000000E0,2.000000000E1
2.497110351E2,5.162309813E1,6.974617640E0,4.638419641E1,9.111657715E1,0.000000000E0,0.000000000E0,4.802892088E-2,3.790092468E0,2.500000000E0,2.000000000E1
2.507114818E2,5.162309809E1,6.974617680E0,4.638151071E1,9.111389160E1,0.000000000E0,0.000000000E0,4.803253116E-2,3.790092468E0,2.500000000E0,2.000000000E1
2.517113493E2,5.162309806E1,6.974617700E0,4.637784850E1,9.111022949E1,0.000000000E0,0.000000000E0,4.803475506E-2,3.790092468E0,2.500000000E0,2.000000000E1
2.527108809E2,5.162309804E1,6.974617700E0,4.637900811E1,9.111138916E1,0.000000000E0,0.000000000E0,4.803708364E-2,3.790092468E0,2.500000000E0,2.000000000E1
2.537109144E2,5.162309802E1,6.974617710E0,4.637595628E1,9.110833740E1,0.000000000E0,0.000000000E0,4.804141409E-2,3.790092468E0,2.500000000E0,2.000000000E1
2.547160949E2,5.162309799E1,6.974617750E0,4.637589513E1,9.110827637E1,0.000000000E0,0.000000000E0,4.804318685E-2,3.790092468E0,2.500000000E0,2.000000000E1
2.557115066E2,5.162309798E1,6.974617770E0,4.637607819E1,9.110845947E1,0.000000000E0,0.000000000E0,4.804798705E-2,3.790092468E0,2.500000000E0,2.000000000E1
2.567107696E2,5.162309795E1,6.974617820E0,4.637784808E1,9.111022949E1,0.000000000E0,0.000000000E0,4.804936771E-2,3.790092468E0,2.500000000E0,2.000000000E1
2.577117088E2,5.162309795E1,6.974617840E0,4.637906877E1,9.111145020E1,0.000000000E0,0.000000000E0,4.805171835E-2,3.790092468E0,2.500000000E0,2.100000000E1
2.587116449E2,5.162309794E1,6.974617870E0,4.637650524E1,9.110888672E1,0.000000000E0,0.000000000E0,4.805667696E-2,3.790092468E0,2.500000000E0,2.100000000E1
2.597101982E2,5.162309793E1,6.974617940E0,4.637400272E1,9.110638428E1,0.000000000E0,0.000000000E0,4.806137823E-2,3.790092468E0,2.500000000E0,2.100000000E1
2.607093350E2,5.162309791E1,6.974618000E0,4.637137810E1,9.110375977E1,0.000000000E0,0.000000000E0,4.806441710E-2,3.790092468E0,2.500000000E0,2.000000000E1
2.617119840E2,5.162309789E1,6.974618030E0,4.637363632E1,9.110601807E1,0.000000000E0,0.000000000E0,4.806510744E-2,3.790092468E0,2.500000000E0,2.000000000E1
2.627109382E2,5.162309789E1,6.974618020E0,4.637095078E1,9.110333252E1,0.000000000E0,0.000000000E0,4.806772506E-2,3.790092468E0,2.500000000E0,2.000000000E1
2.637113072E2,5.162309791E1,6.974618000E0,4.636985222E1,9.110223389E1,0.000000000E0,0.000000000E0,4.806772506E-2,3.790092468E0,2.500000000E0,2.100000000E1
2.647100115E2,5.162309791E1,6.974618000E0,4.637046258E1,9.110284424E1,0.000000000E0,0.000000000E0,4.806903388E-2,3.790092468E0,2.500000000E0,2.100000000E1
2.657106515E2,5.162309792E1,6.974617990E0,4.636734982E1,9.109973145E1,0.000000000E0,0.000000000E0,4.807080664E-2,3.790092468E0,2.500000000E0,2.100000000E1
2.667113769E2,5.162309791E1,6.974618010E0,4.636716667E1,9.109954834E1,0.000000000E0,0.000000000E0,4.807342426E-2,3.790092468E0,2.500000000E0,2.100000000E1
2.677106424E2,5.162309789E1,6.974618030E0,4.636332138E1,9.109570312E1,0.000000000E0,0.000000000E0,4.807453621E-2,3.790092468E0,2.500000000E0,2.100000000E1
2.687104550E2,5.162309790E1,6.974618030E0,4.636765491E1,9.110003662E1,0.000000000E0,0.000000000E0,4.807814649E-2,3.790092468E0,2.500000000E0,2.100000000E1
2.697113244E2,5.162309793E1,6.974618010E0,4.637204954E1,9.110443115E1,0.000000000E0,0.000000000E0,4.808047507E-2,3.790092468E0,2.500000000E0,2.100000000E1
2.707108908E2,5.162309795E1,6.974618000E0,4.636924199E1,9.110162354E1,0.000000000E0,0.000000000E0,4.808610507E-2,3.790092468E0,2.500000000E0,2.000000000E1
2.717104167E2,5.162309799E1,6.974617950E0,4.637241598E1,9.110479736E1,0.000000000E0,0.000000000E0,4.808843365E-2,3.790092468E0,2.500000000E0,2.000000000E1
2.727099194E2,5.162309801E1,6.974617940E0,4.637369778E1,9.110607910E1,0.000000000E0,0.000000000E0,4.809076223E-2,3.790092468E0,2.500000000E0,2.000000000E1
2.737109058E2,5.162309799E1,6.974617950E0,4.637357564E1,9.110595703E1,0.000000000E0,0.000000000E0,4.809207105E-2,3.790092468E0,2.500000000E0,2.000000000E1
2.747112414E2,5.162309798E1,6.974617960E0,4.637583391E1,9.110821533E1,0.000000000E0,0.000000000E0,4.809337986E-2,3.790092468E0,2.500000000E0,2.000000000E1
2.757110036E2,5.162309799E1,6.974617950E0,4.637577291E1,9.110815430E1,0.000000000E0,0.000000000E0,4.809692538E-2,3.790092468E0,2.500000000E0,2.000000000E1
2.767123040E2,5.162309801E1,6.974617910E0,4.637516265E1,9.110754395E1,0.000000000E0,0.000000000E0,4.809823419E-2,3.790092468E0,2.500000000E0,2.000000000E1
2.777130347E2,5.162309802E1,6.974617900E0,4.637516268E1,9.110754395E1,0.000000000E0,0.000000000E0,4.809934614E-2,3.790092468E0,2.500000000E0,2.000000000E1
2.787115281E2,5.162309801E1,6.974617900E0,4.637504058E1,9.110742188E1,0.000000000E0,0.000000000E0,4.810072680E-2,3.790092468E0,2.500000000E0,2.000000000E1
2.797110634E2,5.162309801E1,6.974617880E0,4.637186677E1,9.110424805E1,0.000000000E0,0.000000000E0,4.810305538E-2,3.790092468E0,2.500000000E0,2.000000000E1
2.807083503E2,5.162309799E1,6.974617890E0,4.636661768E1,9.109899902E1,0.000000000E0,0.000000000E0,4.810374572E-2,3.790092468E0,2.500000000E0,2.000000000E1
2.817108597E2,5.162309799E1,6.974617880E0,4.636649562E1,9.109887695E1,0.000000000E0,0.000000000E0,4.810512639E-2,3.790092468E0,2.500000000E0,2.000000000E1
2.827095369E2,5.162309799E1,6.974617900E0,4.636521386E1,9.109759521E1,0.000000000E0,0.000000000E0,4.810689914E-2,3.790092468E0,2.500000000E0,2.000000000E1
2.837100706E2,5.162309800E1,6.974617880E0,4.636155180E1,9.109393311E1,0.000000000E0,0.000000000E0,4.810924978E-2,3.790092468E0,2.500000000E0,2.000000000E1
2.847104171E2,5.162309799E1,6.974617850E0,4.635850003E1,9.109088135E1,0.000000000E0,0.000000000E0,4.810924978E-2,3.790092468E0,2.500000000E0,2.000000000E1
2.857097955E2,5.162309799E1,6.974617850E0,4.635923246E1,9.109161377E1,0.000000000E0,0.000000000E0,4.810924978E-2,3.790092468E0,2.500000000E0,2.000000000E1
2.867099537E2,5.162309799E1,6.974617850E0,4.635746244E1,9.108984375E1,0.000000000E0,0.000000000E0,4.810994011E-2,3.790092468E0,2.500000000E0,2.000000000E1
2.877107777E2,5.162309799E1,6.974617840E0,4.635001616E1,9.108239746E1,0.000000000E0,0.000000000E0,4.811226869E-2,3.790092468E0,2.500000000E0,2.000000000E1
2.887103117E2,5.162309801E1,6.974617830E0,4.634659825E1,9.107897949E1,0.000000000E0,0.000000000E0,4.811461932E-2,3.790092468E0,2.500000000E0,2.000000000E1
2.897101101E2,5.162309802E1,6.974617800E0,4.634885661E1,9.108123779E1,0.000000000E0,0.000000000E0,4.811592814E-2,3.790092468E0,2.500000000E0,2.000000000E1
2.907095014E2,5.162309803E1,6.974617810E0,4.635209149E1,9.108447266E1,0.000000000E0,0.000000000E0,4.812042919E-2,3.790092468E0,2.500000000E0,2.000000000E1
2.917110659E2,5.162309799E1,6.974617820E0,4.635044342E1,9.108282471E1,0.000000000E0,0.000000000E0,4.812111952E-2,3.790092468E0,2.500000000E0,2.000000000E1
2.927107045E2,5.162309799E1,6.974617810E0,4.635679108E1,9.108917236E1,0.000000000E0,0.000000000E0,4.812223147E-2,3.790092468E0,2.500000000E0,2.000000000E1
2.937096629E2,5.162309800E1,6.974617810E0,4.635856113E1,9.109094238E1,0.000000000E0,0.000000000E0,4.812615791E-2,3.790092468E0,2.500000000E0,2.000000000E1
2.947105513E2,5.162309797E1,6.974617840E0,4.635422752E1,9.108660889E1,0.000000000E0,0.000000000E0,4.812850854E-2,3.790092468E0,2.500000000E0,2.000000000E1
2.957121997E2,5.162309796E1,6.974617870E0,4.635581438E1,9.108819580E1,0.000000000E0,0.000000000E0,4.813028130E-2,3.790092468E0,2.500000000E0,2.000000000E1
2.967105872E2,5.162309795E1,6.974617850E0,4.636753312E1,9.109991455E1,0.000000000E0,0.000000000E0,4.813097163E-2,3.790092468E0,2.500000000E0,2.000000000E1
2.977113412E2,5.162309795E1,6.974617860E0,4.636863175E1,9.110101318E1,0.000000000E0,0.000000000E0,4.813507769E-2,3.790092468E0,2.500000000E0,2.000000000E1
2.987102441E2,5.162309793E1,6.974617910E0,4.637046270E1,9.110284424E1,0.000000000E0,0.000000000E0,4.813900413E-2,3.790092468E0,2.500000000E0,2.000000000E1
2.997090487E2,5.162309790E1,6.974617940E0,4.637253779E1,9.110491943E1,0.000000000E0,0.000000000E0,4.814038480E-2,3.790092468E0,2.500000000E0,2.000000000E1
3.007077155E2,5.162309790E1,6.974617920E0,4.637705440E1,9.110943604E1,0.000000000E0,0.000000000E0,4.814300243E-2,3.790092468E0,2.500000000E0,2.000000000E1
3.017106306E2,5.162309788E1,6.974617940E0,4.637577259E1,9.110815430E1,0.000000000E0,0.000000000E0,4.814780262E-2,3.790092468E0,2.500000000E0,2.000000000E1
3.027097153E2,5.162309785E1,6.974617990E0,4.637369727E1,9.110607910E1,0.000000000E0,0.000000000E0,4.815013120E-2,3.790092468E0,2.500000000E0,2.000000000E1
3.037097597E2,5.162309783E1,6.974617980E0,4.636789888E1,9.110028076E1,0.000000000E0,0.000000000E0,4.815274883E-2,3.790092468E0,2.500000000E0,2.000000000E1
3.047085939E2,5.162309785E1,6.974617960E0,4.636869241E1,9.110107422E1,0.000000000E0,0.000000000E0,4.815635911E-2,3.790092468E0,2.500000000E0,2.000000000E1
3.057109293E2,5.162309788E1,6.974617940E0,4.637418568E1,9.110656738E1,0.000000000E0,0.000000000E0,4.815990463E-2,3.790092468E0,2.500000000E0,2.000000000E1
3.067089891E2,5.162309786E1,6.974617980E0,4.637272074E1,9.110510254E1,0.000000000E0,0.000000000E0,4.816225526E-2,3.790092468E0,2.500000000E0,2.000000000E1
3.077100598E2,5.162309785E1,6.974618010E0,4.637314794E1,9.110552979E1,0.000000000E0,0.000000000E0,4.816363592E-2,3.790092468E0,2.500000000E0,2.000000000E1
3.087104810E2,5.162309785E1,6.974618030E0,4.637235447E1,9.110473633E1,0.000000000E0,0.000000000E0,4.816667480E-2,3.790092468E0,2.500000000E0,2.000000000E1
3.097100223E2,5.162309787E1,6.974618060E0,4.637095069E1,9.110333252E1,0.000000000E0,0.000000000E0,4.816736513E-2,3.790092468E0,2.500000000E0,2.000000000E1
3.107114717E2,5.162309787E1,6.974618070E0,4.637101172E1,9.110339355E1,0.000000000E0,0.000000000E0,4.816971577E-2,3.790092468E0,2.500000000E0,2.000000000E1
3.117110715E2,5.162309788E1,6.974618100E0,4.636783790E1,9.110021973E1,0.000000000E0,0.000000000E0,4.817193967E-2,3.790092468E0,2.500000000E0,2.000000000E1
3.127119358E2,5.162309790E1,6.974618100E0,4.636783796E1,9.110021973E1,0.000000000E0,0.000000000E0,4.817371242E-2,3.790092468E0,2.500000000E0,2.000000000E1
3.137140323E2,5.162309791E1,6.974618120E0,4.637009628E1,9.110247803E1,0.000000000E0,0.000000000E0,4.817894768E-2,3.790092468E0,2.500000000E0,2.000000000E1
3.147097046E2,5.162309787E1,6.974618160E0,4.637052337E1,9.110290527E1,0.000000000E0,0.000000000E0,4.818156530E-2,3.790092468E0,2.500000000E0,2.000000000E1
3.157112135E2,5.162309785E1,6.974618140E0,4.637302577E1,9.110540771E1,0.000000000E0,0.000000000E0,4.818567136E-2,3.790092468E0,2.500000000E0,2.000000000E1
3.167174934E2,5.162309783E1,6.974618190E0,4.637192704E1,9.110430908E1,0.000000000E0,0.000000000E0,4.819480485E-2,3.790092468E0,2.500000000E0,2.100000000E1
3.177100405E2,5.162309775E1,6.974618220E0,4.637436819E1,9.110675049E1,0.000000000E0,0.000000000E0,4.828305681E-2,3.790092468E0,2.500000000E0,2.100000000E1
3.187093144E2,5.162309746E1,6.974617030E0,4.653922418E1,9.127160645E1,0.000000000E0,0.000000000E0,4.832239655E-2,3.790092468E0,2.500000000E0,2.200000000E1
3.197104498E2,5.162309759E1,6.974616500E0,4.654789195E1,9.128027344E1,0.000000000E0,0.000000000E0,4.833132698E-2,3.790092468E0,2.500000000E0,2.200000000E1
3.207075080E2,5.162309762E1,6.974616380E0,4.654630522E1,9.127868652E1,0.000000000E0,0.000000000E0,4.833309974E-2,3.790092468E0,2.500000000E0,2.200000000E1
3.217095445E2,5.162309763E1,6.974616360E0,4.654239901E1,9.127478027E1,0.000000000E0,0.000000000E0,4.833517074E-2,3.790092468E0,2.500000000E0,2.200000000E1
3.227087620E2,5.162309763E1,6.974616390E0,4.653965241E1,9.127203369E1,0.000000000E0,0.000000000E0,4.833694350E-2,3.790092468E0,2.500000000E0,2.300000000E1
3.237105028E2,5.162309764E1,6.974616370E0,4.653861485E1,9.127099609E1,0.000000000E0,0.000000000E0,4.834055378E-2,3.790092468E0,2.500000000E0,2.300000000E1
3.247101629E2,5.162309767E1,6.974616390E0,4.653635663E1,9.126873779E1,0.000000000E0,0.000000000E0,4.834288236E-2,3.790092468E0,2.500000000E0,2.100000000E1
3.257103293E2,5.162309769E1,6.974616400E0,4.653708910E1,9.126947021E1,0.000000000E0,0.000000000E0,4.834419117E-2,3.790092468E0,2.500000000E0,2.100000000E1
3.267105323E2,5.162309768E1,6.974616410E0,4.653812666E1,9.127050781E1,0.000000000E0,0.000000000E0,4.834530312E-2,3.790092468E0,2.500000000E0,2.100000000E1
3.277108986E2,5.162309767E1,6.974616410E0,4.653824870E1,9.127062988E1,0.000000000E0,0.000000000E0,4.834752702E-2,3.790092468E0,2.500000000E0,2.100000000E1
3.287089224E2,5.162309769E1,6.974616410E0,4.654130052E1,9.127368164E1,0.000000000E0,0.000000000E0,4.834890768E-2,3.790092468E0,2.500000000E0,2.000000000E1
3.297107404E2,5.162309769E1,6.974616390E0,4.654337573E1,9.127575684E1,0.000000000E0,0.000000000E0,4.835113158E-2,3.790092468E0,2.500000000E0,2.000000000E1
3.307113293E2,5.162309767E1,6.974616390E0,4.653849286E1,9.127087402E1,0.000000000E0,0.000000000E0,4.835563263E-2,3.790092468E0,2.500000000E0,2.000000000E1
3.317104213E2,5.162309763E1,6.974616400E0,4.653812652E1,9.127050781E1,0.000000000E0,0.000000000E0,4.835785653E-2,3.790092468E0,2.500000000E0,2.000000000E1
3.327096616E2,5.162309761E1,6.974616400E0,4.653849267E1,9.127087402E1,0.000000000E0,0.000000000E0,4.836061787E-2,3.790092468E0,2.500000000E0,1.900000000E1
3.337088222E2,5.162309761E1,6.974616360E0,4.653513577E1,9.126751709E1,0.000000000E0,0.000000000E0,4.836192668E-2,3.790092468E0,2.500000000E0,1.900000000E1
3.347106652E2,5.162309762E1,6.974616350E0,4.653617340E1,9.126855469E1,0.000000000E0,0.000000000E0,4.836323549E-2,3.790092468E0,2.500000000E0,1.900000000E1
3.357109113E2,5.162309761E1,6.974616360E0,4.653556301E1,9.126794434E1,0.000000000E0,0.000000000E0,4.836392583E-2,3.790092468E0,2.500000000E0,1.900000000E1
3.367102555E2,5.162309761E1,6.974616350E0,4.653714994E1,9.126953125E1,0.000000000E0,0.000000000E0,4.836733235E-2,3.790092468E0,2.500000000E0,2.100000000E1
3.377108224E2,5.162309758E1,6.974616360E0,4.653574603E1,9.126812744E1,0.000000000E0,0.000000000E0,4.836940336E-2,3.790092468E0,2.500000000E0,2.100000000E1
3.387104983E2,5.162309758E1,6.974616330E0,4.653495260E1,9.126733398E1,0.000000000E0,0.000000000E0,4.836940336E-2,3.790092468E0,2.500000000E0,2.100000000E1
3.397108470E2,5.162309758E1,6.974616330E0,4.653495260E1,9.126733398E1,0.000000000E0,0.000000000E0,4.837051530E-2,3.790092468E0,2.500000000E0,2.100000000E1
3.407083727E2,5.162309759E1,6.974616330E0,4.653312157E1,9.126550293E1,0.000000000E0,0.000000000E0,4.837273920E-2,3.790092468E0,2.500000000E0,2.100000000E1
3.417100217E2,5.162309761E1,6.974616330E0,4.653690581E1,9.126928711E1,0.000000000E0,0.000000000E0,4.837508984E-2,3.790092468E0,2.500000000E0,2.100000000E1
3.427098517E2,5.162309762E1,6.974616300E0,4.653464756E1,9.126702881E1,0.000000000E0,0.000000000E0,4.837639865E-2,3.790092468E0,2.500000000E0,2.000000000E1
3.437148263E2,5.162309761E1,6.974616290E0,4.653367098E1,9.126605225E1,0.000000000E0,0.000000000E0,4.837777932E-2,3.790092468E0,2.500000000E0,2.000000000E1
3.447101356E2,5.162309761E1,6.974616270E0,4.652933750E1,9.126171875E1,0.000000000E0,0.000000000E0,4.837846965E-2,3.790092468E0,2.500000000E0,2.000000000E1
3.457092664E2,5.162309761E1,6.974616280E0,4.653122958E1,9.126361084E1,0.000000000E0,0.000000000E0,4.837985032E-2,3.790092468E0,2.500000000E0,2.000000000E1
3.467098118E2,5.162309761E1,6.974616260E0,4.652726231E1,9.125964355E1,0.000000000E0,0.000000000E0,4.838123098E-2,3.790092468E0,2.500000000E0,2.000000000E1
3.477090112E2,5.162309761E1,6.974616240E0,4.652695715E1,9.125933838E1,0.000000000E0,0.000000000E0,4.838384861E-2,3.790092468E0,2.500000000E0,2.000000000E1
3.487096847E2,5.162309759E1,6.974616220E0,4.652628572E1,9.125866699E1,0.000000000E0,0.000000000E0,4.838384861E-2,3.790092468E0,2.500000000E0,2.000000000E1
3.497085354E2,5.162309759E1,6.974616220E0,4.652964265E1,9.126202393E1,0.000000000E0,0.000000000E0,4.838496056E-2,3.790092468E0,2.500000000E0,2.000000000E1
3.507090753E2,5.162309760E1,6.974616220E0,4.652836094E1,9.126074219E1,0.000000000E0,0.000000000E0,4.838565089E-2,3.790092468E0,2.500000000E0,2.000000000E1
3.517109808E2,5.162309760E1,6.974616230E0,4.652994785E1,9.126232910E1,0.000000000E0,0.000000000E0,4.839137951E-2,3.790092468E0,2.500000000E0,1.900000000E1
3.527095736E2,5.162309765E1,6.974616210E0,4.653269459E1,9.126507568E1,0.000000000E0,0.000000000E0,4.840133875E-2,3.790092468E0,2.500000000E0,2.000000000E1
3.537123780E2,5.162309772E1,6.974616120E0,4.654514604E1,9.127752686E1,0.000000000E0,0.000000000E0,4.840264756E-2,3.790092468E0,2.500000000E0,2.000000000E1
3.547096979E2,5.162309773E1,6.974616130E0,4.654850300E1,9.128088379E1,0.000000000E0,0.000000000E0,4.840619308E-2,3.790092468E0,2.500000000E0,2.000000000E1
3.557100345E2,5.162309771E1,6.974616170E0,4.654764841E1,9.128002930E1,0.000000000E0,0.000000000E0,4.840688341E-2,3.790092468E0,2.500000000E0,2.000000000E1
3.567101943E2,5.162309771E1,6.974616160E0,4.654825877E1,9.128063965E1,0.000000000E0,0.000000000E0,4.840992229E-2,3.790092468E0,2.500000000E0,2.000000000E1
3.577101420E2,5.162309773E1,6.974616130E0,4.654911335E1,9.128149414E1,0.000000000E0,0.000000000E0,4.841227292E-2,3.790092468E0,2.500000000E0,2.000000000E1
3.587104346E2,5.162309774E1,6.974616100E0,4.654862512E1,9.128100586E1,0.000000000E0,0.000000000E0,4.841434392E-2,3.790092468E0,2.500000000E0,2.000000000E1
3.597095123E2,5.162309774E1,6.974616070E0,4.654880825E1,9.128118896E1,0.000000000E0,0.000000000E0,4.841565273E-2,3.790092468E0,2.500000000E0,2.000000000E1
3.607077913E2,5.162309773E1,6.974616060E0,4.654825891E1,9.128063965E1,0.000000000E0,0.000000000E0,4.841634307E-2,3.790092468E0,2.500000000E0,2.000000000E1
3.617101047E2,5.162309773E1,6.974616070E0,4.654703820E1,9.127941895E1,0.000000000E0,0.000000000E0,4.841765188E-2,3.790092468E0,2.500000000E0,2.000000000E1
3.627093960E2,5.162309772E1,6.974616060E0,4.654429159E1,9.127667236E1,0.000000000E0,0.000000000E0,4.842198233E-2,3.790092468E0,2.500000000E0,2.000000000E1
3.637098697E2,5.162309769E1,6.974616100E0,4.654648874E1,9.127886963E1,0.000000000E0,0.000000000E0,4.842502121E-2,3.790092468E0,2.500000000E0,2.000000000E1
3.647098210E2,5.162309771E1,6.974616070E0,4.655625445E1,9.128863525E1,0.000000000E0,0.000000000E0,4.842894765E-2,3.790092468E0,2.500000000E0,2.000000000E1
3.657100827E2,5.162309774E1,6.974616040E0,4.656248014E1,9.129486084E1,0.000000000E0,0.000000000E0,4.843117155E-2,3.790092468E0,2.500000000E0,2.000000000E1
3.667102232E2,5.162309772E1,6.974616040E0,4.655668174E1,9.128906250E1,0.000000000E0,0.000000000E0,4.843350013E-2,3.790092468E0,2.500000000E0,2.100000000E1
3.677100988E2,5.162309770E1,6.974616050E0,4.655362992E1,9.128601074E1,0.000000000E0,0.000000000E0,4.843488079E-2,3.790092468E0,2.500000000E0,2.100000000E1
3.687094128E2,5.162309770E1,6.974616030E0,4.655546099E1,9.128784180E1,0.000000000E0,0.000000000E0,4.843710469E-2,3.790092468E0,2.500000000E0,2.100000000E1
3.697114854E2,5.162309772E1,6.974616030E0,4.655753624E1,9.128991699E1,0.000000000E0,0.000000000E0,4.843943327E-2,3.790092468E0,2.500000000E0,2.100000000E1
3.707091611E2,5.162309774E1,6.974616040E0,4.656016081E1,9.129254150E1,0.000000000E0,0.000000000E0,4.844219461E-2,3.790092468E0,2.500000000E0,2.100000000E1
3.717106519E2,5.162309774E1,6.974616080E0,4.656107630E1,9.129345703E1,0.000000000E0,0.000000000E0,4.844219461E-2,3.790092468E0,2.500000000E0,2.100000000E1
3.727106800E2,5.162309774E1,6.974616080E0,4.656199183E1,9.129437256E1,0.000000000E0,0.000000000E0,4.844288494E-2,3.790092468E0,2.500000000E0,2.000000000E1
3.737103892E2,5.162309774E1,6.974616090E0,4.656211389E1,9.129449463E1,0.000000000E0,0.000000000E0,4.844881788E-2,3.790092468E0,2.500000000E0,2.000000000E1
3.747100654E2,5.162309779E1,6.974616060E0,4.657322246E1,9.130560303E1,0.000000000E0,0.000000000E0,4.845104178E-2,3.790092468E0,2.500000000E0,2.000000000E1
3.757114165E2,5.162309781E1,6.974616060E0,4.657126940E1,9.130364990E1,0.000000000E0,0.000000000E0,4.845235060E-2,3.790092468E0,2.500000000E0,2.100000000E1
3.767114640E2,5.162309780E1,6.974616050E0,4.657169662E1,9.130407715E1,0.000000000E0,0.000000000E0,4.845568644E-2,3.790092468E0,2.500000000E0,2.100000000E1
3.777091255E2,5.162309777E1,6.974616050E0,4.657084204E1,9.130322266E1,0.000000000E0,0.000000000E0,4.845699526E-2,3.790092468E0,2.500000000E0,2.100000000E1
3.787094014E2,5.162309776E1,6.974616060E0,4.657261202E1,9.130499268E1,0.000000000E0,0.000000000E0,4.845997207E-2,3.790092468E0,2.500000000E0,2.100000000E1
3.797103331E2,5.162309777E1,6.974616100E0,4.656907198E1,9.130145264E1,0.000000000E0,0.000000000E0,4.846108401E-2,3.790092468E0,2.500000000E0,2.100000000E1
3.807081220E2,5.162309778E1,6.974616100E0,4.657267309E1,9.130505371E1,0.000000000E0,0.000000000E0,4.846330791E-2,3.790092468E0,2.500000000E0,2.100000000E1
3.817100227E2,5.162309780E1,6.974616100E0,4.657072002E1,9.130310059E1,0.000000000E0,0.000000000E0,4.846592554E-2,3.790092468E0,2.500000000E0,2.000000000E1
3.827101911E2,5.162309778E1,6.974616120E0,4.656876682E1,9.130114746E1,0.000000000E0,0.000000000E0,4.846703749E-2,3.790092468E0,2.500000000E0,2.000000000E1
3.837120247E2,5.162309779E1,6.974616120E0,4.656974341E1,9.130212402E1,0.000000000E0,0.000000000E0,4.846841815E-2,3.790092468E0,2.500000000E0,2.000000000E1
3.847082362E2,5.162309779E1,6.974616140E0,4.656949926E1,9.130187988E1,0.000000000E0,0.000000000E0,4.846972697E-2,3.790092468E0,2.500000000E0,2.000000000E1
3.857085297E2,5.162309780E1,6.974616130E0,4.657078103E1,9.130316162E1,0.000000000E0,0.000000000E0,4.847149973E-2,3.790092468E0,2.500000000E0,2.000000000E1
3.867098188E2,5.162309781E1,6.974616110E0,4.657462629E1,9.130700684E1,0.000000000E0,0.000000000E0,4.847219006E-2,3.790092468E0,2.500000000E0,2.000000000E1
3.877087068E2,5.162309781E1,6.974616120E0,4.657645734E1,9.130883789E1,0.000000000E0,0.000000000E0,4.847349887E-2,3.790092468E0,2.500000000E0,2.000000000E1
3.887086804E2,5.162309782E1,6.974616110E0,4.657474839E1,9.130712891E1,0.000000000E0,0.000000000E0,4.847653775E-2,3.790092468E0,2.500000000E0,2.000000000E1
3.897101140E2,5.162309780E1,6.974616140E0,4.657499245E1,9.130737305E1,0.000000000E0,0.000000000E0,4.847653775E-2,3.790092468E0,2.500000000E0,2.000000000E1
3.907087850E2,5.162309780E1,6.974616140E0,4.657456521E1,9.130694580E1,0.000000000E0,0.000000000E0,4.847653775E-2,3.790092468E0,2.500000000E0,2.000000000E1
3.917103397E2,5.162309780E1,6.974616140E0,4.657786111E1,9.131024170E1,0.000000000E0,0.000000000E0,4.848008326E-2,3.790092468E0,2.500000000E0,2.000000000E1
3.927089691E2,5.162309778E1,6.974616180E0,4.657969207E1,9.131207275E1,0.000000000E0,0.000000000E0,4.848139208E-2,3.790092468E0,2.500000000E0,2.100000000E1
3.937100818E2,5.162309779E1,6.974616190E0,4.658335420E1,9.131573486E1,0.000000000E0,0.000000000E0,4.848372066E-2,3.790092468E0,2.500000000E0,2.100000000E1
3.947087044E2,5.162309781E1,6.974616200E0,4.658872535E1,9.132110596E1,0.000000000E0,0.000000000E0,4.848648199E-2,3.790092468E0,2.500000000E0,2.100000000E1
3.957104665E2,5.162309781E1,6.974616240E0,4.658488010E1,9.131726074E1,0.000000000E0,0.000000000E0,4.848717232E-2,3.790092468E0,2.500000000E0,2.100000000E1
3.967109625E2,5.162309781E1,6.974616230E0,4.658396458E1,9.131634521E1,0.000000000E0,0.000000000E0,4.848786266E-2,3.790092468E0,2.500000000E0,2.200000000E1
3.977101621E2,5.162309781E1,6.974616240E0,4.658341526E1,9.131579590E1,0.000000000E0,0.000000000E0,4.849008656E-2,3.790092468E0,2.500000000E0,2.200000000E1
3.987091482E2,5.162309779E1,6.974616240E0,4.657841032E1,9.131079102E1,0.000000000E0,0.000000000E0,4.849243719E-2,3.790092468E0,2.500000000E0,2.100000000E1
3.997088776E2,5.162309778E1,6.974616270E0,4.657853234E1,9.131091309E1,0.000000000E0,0.000000000E0,4.849312752E-2,3.790092468E0,2.500000000E0,2.100000000E1
4.007075086E2,5.162309778E1,6.974616260E0,4.657566369E1,9.130804443E1,0.000000000E0,0.000000000E0,4.849443633E-2,3.790092468E0,2.500000000E0,2.100000000E1
4.017100250E2,5.162309777E1,6.974616270E0,4.657639608E1,9.130877686E1,0.000000000E0,0.000000000E0,4.849678697E-2,3.790092468E0,2.500000000E0,2.100000000E1
4.027117642E2,5.162309776E1,6.974616300E0,4.657737259E1,9.130975342E1,0.000000000E0,0.000000000E0,4.850111742E-2,3.790092468E0,2.500000000E0,2.000000000E1
4.037096857E2,5.162309773E1,6.974616340E0,4.657773868E1,9.131011963E1,0.000000000E0,0.000000000E0,4.850415630E-2,3.790092468E0,2.500000000E0,2.000000000E1
4.047094229E2,5.162309771E1,6.974616370E0,4.657505305E1,9.130743408E1,0.000000000E0,0.000000000E0,4.850526825E-2,3.790092468E0,2.500000000E0,2.000000000E1
4.057100623E2,5.162309770E1,6.974616370E0,4.657236747E1,9.130474854E1,0.000000000E0,0.000000000E0,4.850802958E-2,3.790092468E0,2.500000000E0,2.000000000E1
4.067098553E2,5.162309770E1,6.974616410E0,4.657407643E1,9.130645752E1,0.000000000E0,0.000000000E0,4.851282978E-2,3.790092468E0,2.500000000E0,2.000000000E1
4.077103739E2,5.162309767E1,6.974616460E0,4.657810462E1,9.131048584E1,0.000000000E0,0.000000000E0,4.851421045E-2,3.790092468E0,2.500000000E0,2.000000000E1
4.087089820E2,5.162309767E1,6.974616480E0,4.657609045E1,9.130847168E1,0.000000000E0,0.000000000E0,4.851598320E-2,3.790092468E0,2.500000000E0,2.000000000E1
4.097113752E2,5.162309766E1,6.974616500E0,4.657285554E1,9.130523682E1,0.000000000E0,0.000000000E0,4.851709515E-2,3.790092468E0,2.500000000E0,2.100000000E1
4.107101771E2,5.162309765E1,6.974616500E0,4.657181791E1,9.130419922E1,0.000000000E0,0.000000000E0,4.852054682E-2,3.790092468E0,2.500000000E0,2.100000000E1
4.117101702E2,5.162309765E1,6.974616550E0,4.657364893E1,9.130603027E1,0.000000000E0,0.000000000E0,4.852231958E-2,3.790092468E0,2.500000000E0,2.100000000E1
4.127097674E2,5.162309764E1,6.974616570E0,4.657261129E1,9.130499268E1,0.000000000E0,0.000000000E0,4.852409234E-2,3.790092468E0,2.500000000E0,2.100000000E1
4.137100415E2,5.162309763E1,6.974616590E0,4.657328263E1,9.130566406E1,0.000000000E0,0.000000000E0,4.852547300E-2,3.790092468E0,2.500000000E0,2.100000000E1
4.147097837E2,5.162309763E1,6.974616610E0,4.657364882E1,9.130603027E1,0.000000000E0,0.000000000E0,4.853017427E-2,3.790092468E0,2.500000000E0,2.100000000E1
4.157097840E2,5.162309761E1,6.974616670E0,4.657389286E1,9.130627441E1,0.000000000E0,0.000000000E0,4.853378455E-2,3.790092468E0,2.500000000E0,2.100000000E1
4.167100837E2,5.162309764E1,6.974616690E0,4.658194958E1,9.131433105E1,0.000000000E0,0.000000000E0,4.853611313E-2,3.790092468E0,2.500000000E0,2.100000000E1
4.177093859E2,5.162309762E1,6.974616680E0,4.657792120E1,9.131030273E1,0.000000000E0,0.000000000E0,4.853749380E-2,3.790092468E0,2.500000000E0,2.100000000E1
4.187095296E2,5.162309762E1,6.974616700E0,4.658109502E1,9.131347656E1,0.000000000E0,0.000000000E0,4.853887446E-2,3.790092468E0,2.500000000E0,2.000000000E1
4.197174866E2,5.162309762E1,6.974616720E0,4.657883670E1,9.131121826E1,0.000000000E0,0.000000000E0,4.854149209E-2,3.790092468E0,2.500000000E0,2.000000000E1
4.207084877E2,5.162309760E1,6.974616740E0,4.657633418E1,9.130871582E1,0.000000000E0,0.000000000E0,4.854326485E-2,3.790092468E0,2.500000000E0,1.900000000E1
4.217097382E2,5.162309759E1,6.974616760E0,4.657645621E1,9.130883789E1,0.000000000E0,0.000000000E0,4.854588247E-2,3.790092468E0,2.500000000E0,1.900000000E1
4.227102948E2,5.162309761E1,6.974616780E0,4.657816524E1,9.131054688E1,0.000000000E0,0.000000000E0,4.854810637E-2,3.790092468E0,2.500000000E0,2.000000000E1
4.237112769E2,5.162309763E1,6.974616780E0,4.657798219E1,9.131036377E1,0.000000000E0,0.000000000E0,4.855033027E-2,3.790092468E0,2.500000000E0,2.100000000E1
4.247090725E2,5.162309765E1,6.974616780E0,4.658164436E1,9.131402588E1,0.000000000E0,0.000000000E0,4.855210303E-2,3.790092468E0,2.500000000E0,2.100000000E1
4.257102230E2,5.162309764E1,6.974616800E0,4.658274295E1,9.131512451E1,0.000000000E0,0.000000000E0,4.855387579E-2,3.790092468E0,2.500000000E0,2.100000000E1
4.267098398E2,5.162309765E1,6.974616820E0,4.658439091E1,9.131677246E1,0.000000000E0,0.000000000E0,4.855456612E-2,3.790092468E0,2.500000000E0,2.100000000E1
4.277102831E2,5.162309765E1,6.974616830E0,4.658378055E1,9.131616211E1,0.000000000E0,0.000000000E0,4.855567807E-2,3.790092468E0,2.500000000E0,2.100000000E1
4.287094808E2,5.162309764E1,6.974616830E0,4.658347535E1,9.131585693E1,0.000000000E0,0.000000000E0,4.855567807E-2,3.790092468E0,2.500000000E0,2.000000000E1
4.297107032E2,5.162309764E1,6.974616830E0,4.658616090E1,9.131854248E1,0.000000000E0,0.000000000E0,4.855705874E-2,3.790092468E0,2.500000000E0,2.000000000E1
4.307110116E2,5.162309764E1,6.974616850E0,4.658561156E1,9.131799316E1,0.000000000E0,0.000000000E0,4.855940937E-2,3.790092468E0,2.500000000E0,2.000000000E1
4.317110837E2,5.162309765E1,6.974616880E0,4.658500122E1,9.131738281E1,0.000000000E0,0.000000000E0,4.856071818E-2,3.790092468E0,2.500000000E0,2.000000000E1
4.327097337E2,5.162309766E1,6.974616890E0,4.658335329E1,9.131573486E1,0.000000000E0,0.000000000E0,4.856202700E-2,3.790092468E0,2.500000000E0,2.000000000E1
4.337105191E2,5.162309765E1,6.974616880E0,4.658555054E1,9.131793213E1,0.000000000E0,0.000000000E0,4.856340766E-2,3.790092468E0,2.500000000E0,2.000000000E1
4.347103859E2,5.162309765E1,6.974616860E0,4.658457399E1,9.131695557E1,0.000000000E0,0.000000000E0,4.856751372E-2,3.790092468E0,2.500000000E0,2.000000000E1
4.357114201E2,5.162309763E1,6.974616910E0,4.658500114E1,9.131738281E1,0.000000000E0,0.000000000E0,4.856973762E-2,3.790092468E0,2.500000000E0,2.000000000E1
4.367101567E2,5.162309761E1,6.974616910E0,4.658371934E1,9.131610107E1,0.000000000E0,0.000000000E0,4.857042795E-2,3.790092468E0,2.500000000E0,2.000000000E1
4.377095489E2,5.162309761E1,6.974616900E0,4.658463488E1,9.131701660E1,0.000000000E0,0.000000000E0,4.857340476E-2,3.790092468E0,2.500000000E0,2.000000000E1
4.387101046E2,5.162309762E1,6.974616940E0,4.658768663E1,9.132006836E1,0.000000000E0,0.000000000E0,4.881928514E-2,3.790092468E0,2.500000000E0,2.000000000E1
4.397096361E2,5.162309541E1,6.974617060E0,4.677304377E1,9.150543213E1,2.599999905E-1,2.048999939E2,4.977157624E-2,3.790092468E0,2.500000000E0,2.000000000E1
4.407076548E2,5.162308899E1,6.974607930E0,4.691622009E1,9.164862061E1,1.090000033E0,2.353000031E2,5.129967123E-2,3.790092468E0,2.500000000E0,2.000000000E1
4.417118066E2,5.162308301E1,6.974588000E0,4.739595365E1,9.212835693E1,1.610000014E0,2.513999939E2,5.278462830E-2,3.790092468E0,2.500000000E0,2.000000000E1
4.427091199E2,5.162308448E1,6.974566620E0,4.710208974E1,9.183447266E1,1.500000000E0,2.793999939E2,5.481509994E-2,3.790092468E0,2.500000000E0,2.000000000E1
4.437099096E2,5.162309770E1,6.974546330E0,4.740554983E1,9.213787842E1,2.079999924E0,3.165000000E2,5.817752366E-2,3.790092468E0,2.500000000E0,2.000000000E1
4.447098799E2,5.162312618E1,6.974529960E0,4.696491153E1,9.169714355E1,3.269999981E0,3.380000000E2,6.173847412E-2,3.790092468E0,2.500000000E0,2.000000000E1
4.457095219E2,5.162315804E1,6.974535180E0,4.717722116E1,9.190936279E1,3.170000076E0,4.500000000E0,6.568339864E-2,3.790092468E0,2.500000000E0,2.000000000E1
4.467101159E2,5.162318295E1,6.974575870E0,4.768855591E1,9.242065430E1,3.509999990E0,4.590000153E1,6.971179898E-2,3.790092468E0,2.500000000E0,2.100000000E1
4.477108663E2,5.162318961E1,6.974633230E0,4.866186029E1,9.339398193E1,3.339999914E0,7.830000305E1,7.349465172E-2,3.790092468E0,2.500000000E0,2.100000000E1
4.487084535E2,5.162317353E1,6.974681520E0,4.828024575E1,9.301245117E1,3.210000038E0,1.260000000E2,8.123909737E-2,3.790092468E0,2.500000000E0,2.100000000E1
4.497064860E2,5.162310652E1,6.974712100E0,4.708843514E1,9.182086182E1,3.970000029E0,1.788000031E2,8.522133085E-2,4.098620415E0,2.500000000E0,2.300000000E1
4.507104200E2,5.162308242E1,6.974669430E0,4.728413552E1,9.201660156E1,4.070000172E0,2.158999939E2,9.014769619E-2,4.116301060E0,2.500000000E0,2.300000000E1
4.517106646E2,5.162308467E1,6.974598160E0,4.783979860E1,9.257220459E1,4.480000019E0,2.932999878E2,9.459749361E-2,3.790092468E0,2.500000000E0,2.300000000E1
4.527100428E2,5.162311203E1,6.974551120E0,4.815485624E1,9.288714600E1,4.380000114E0,3.391000061E2,9.927459915E-2,3.790092468E0,2.526838064E0,2.000000000E1
4.537172878E2,5.162315215E1,6.974530770E0,4.816652588E1,9.289868164E1,4.769999981E0,2.470000076E1,1.057164959E-1,3.790092468E0,2.533615828E0,2.100000000E1
4.547116343E2,5.162319326E1,6.974596520E0,4.603866862E1,9.077075195E1,4.909999847E0,5.400000000E1,1.105484457E-1,3.790092468E0,2.500000000E0,2.300000000E1
4.557106324E2,5.162319744E1,6.974666190E0,4.601513026E1,9.074725342E1,4.750000000E0,1.025000000E2,1.145786512E-1,3.790092468E0,2.500000000E0,2.300000000E1
4.567094140E2,5.162317605E1,6.974713320E0,4.724006825E1,9.197229004E1,3.869999886E0,1.428000031E2,1.191080932E-1,3.790092468E0,2.500000000E0,2.300000000E1
4.577100618E2,5.162313581E1,6.974723510E0,4.772413340E1,9.245648193E1,4.539999962E0,1.891999969E2,1.243616081E-1,3.790092468E0,2.500000000E0,2.300000000E1
4.587105831E2,5.162309694E1,6.974680250E0,4.805571580E1,9.278814697E1,5.050000191E0,2.338000031E2,1.307306874E-1,3.790092468E0,2.500000000E0,2.300000000E1
4.597097852E2,5.162308359E1,6.974590530E0,4.820125132E1,9.293365479E1,6.420000076E0,2.805000000E2,1.375902907E-1,3.790092468E0,2.500000000E0,2.300000000E1
4.607108512E2,5.162312738E1,6.974520540E0,4.857551785E1,9.330773926E1,6.550000191E0,3.185000000E2,1.440006868E-1,3.790092468E0,2.500000000E0,2.200000000E1
4.617122272E2,5.162318380E1,6.974539620E0,4.914866860E1,9.388073730E1,5.980000019E0,3.588999939E2,1.501430338E-1,3.790092468E0,2.500000000E0,2.200000000E1
4.627108867E2,5.162320741E1,6.974620060E0,4.915697900E1,9.388903809E1,5.730000019E0,5.500000000E1,1.559277698E-1,3.790092468E0,2.500000000E0,2.100000000E1
4.637098955E2,5.162319351E1,6.974700810E0,4.811641104E1,9.284857178E1,5.880000114E0,1.040000000E2,1.618002272E-1,3.790092468E0,2.500000000E0,2.200000000E1
4.647160558E2,5.162317615E1,6.974781150E0,4.829751285E1,9.302978516E1,5.599999905E0,1.121999969E2,1.730716563E-1,3.790092468E0,2.500000000E0,2.200000000E1
4.657122847E2,5.162311826E1,6.974647120E0,4.699208302E1,9.172442627E1,1.022000027E1,2.376000061E2,1.782882058E-1,3.790092468E0,2.500000000E0,2.200000000E1
4.667101869E2,5.162312622E1,6.974572650E0,4.630612723E1,9.103839111E1,8.149999619E0,2.878999939E2,1.833242609E-1,3.790092468E0,2.500000000E0,2.200000000E1
4.677108733E2,5.162312774E1,6.974499740E0,4.650058332E1,9.123278809E1,5.320000172E0,2.807000122E2,1.865419444E-1,3.790092468E0,2.500000000E0,2.300000000E1
4.687145714E2,5.162313564E1,6.974454900E0,4.591329900E1,9.064544678E1,3.930000067E0,2.826000061E2,1.941014905E-1,3.805526495E0,2.500000000E0,2.300000000E1
4.697142649E2,5.162316219E1,6.974555710E0,4.530240117E1,9.003454590E1,3.650000095E0,6.419999695E1,2.011110239E-1,4.249442101E0,2.500000000E0,2.300000000E1
4.707102293E2,5.162319673E1,6.974640650E0,4.643598469E1,9.116809082E1,4.349999905E0,5.470000076E1,2.054094348E-1,4.564847469E0,2.500000000E0,2.200000000E1
4.717100216E2,5.162320150E1,6.974702440E0,4.570182166E1,9.043395996E1,3.470000029E0,6.350000000E1,2.151441782E-1,4.755149364E0,2.500000000E0,2.200000000E1
4.727116594E2,5.162311399E1,6.974698360E0,4.603518385E1,9.076757812E1,4.789999962E0,1.891999969E2,2.338787778E-1,4.477005959E0,2.500000000E0,2.200000000E1
4.737131180E2,5.162323077E1,6.974502740E0,4.929159648E1,9.402349854E1,1.507999992E1,3.257000122E2,2.387819772E-1,3.790092468E0,2.500000000E0,2.200000000E1
4.747156082E2,5.162327258E1,6.974480170E0,5.100053842E1,9.573229980E1,8.579999924E0,3.382999878E2,2.442557579E-1,3.790092468E0,2.500000000E0,2.100000000E1
4.757097044E2,5.162332136E1,6.974490830E0,5.235217628E1,9.708380127E1,5.969999790E0,4.800000191E0,2.490022645E-1,3.790092468E0,2.500000000E0,2.300000000E1
4.767147046E2,5.162333638E1,6.974555190E0,5.049414029E1,9.522576904E1,4.070000172E0,3.079999924E1,2.539947993E-1,4.189477444E0,2.500000000E0,2.300000000E1
4.777141713E2,5.162329803E1,6.974592800E0,4.880839070E1,9.354016113E1,8.399999738E-1,1.060000038E1,2.679639056E-1,4.261637211E0,2.500000000E0,2.300000000E1
4.787130963E2,5.162329573E1,6.974390480E0,4.893780792E1,9.366943359E1,1.203999996E1,2.757999878E2,2.732882743E-1,3.790092468E0,2.500000000E0,2.300000000E1
4.797120420E2,5.162328548E1,6.974315140E0,4.935177446E1,9.408337402E1,6.889999866E0,2.815000000E2,2.752813621E-1,4.297719002E0,2.873978138E0,2.300000000E1
4.807108591E2,5.162329233E1,6.974288460E0,4.853022048E1,9.326177979E1,3.779999971E0,2.870000000E2,2.785971380E-1,5.177264690E0,3.182093143E0,2.300000000E1
4.817153107E2,5.162329641E1,6.974336040E0,4.686949134E1,9.160107422E1,2.099999905E0,3.282000122E2,2.865899628E-1,6.880359173E0,3.610203505E0,2.300000000E1
4.827098444E2,5.162327004E1,6.974443750E0,4.721717195E1,9.194891357E1,4.699999988E-1,2.843999939E2,2.921034328E-1,7.562247753E0,3.892089844E0,2.300000000E1
4.837094158E2,5.162322703E1,6.974483490E0,4.748428783E1,9.221618652E1,2.250000000E0,2.033999939E2,2.995878936E-1,9.003861427E0,4.338532448E0,2.300000000E1
4.847129023E2,5.162316403E1,6.974445320E0,4.784338288E1,9.257543945E1,5.719999790E0,2.313000031E2,3.037702357E-1,9.550159454E0,4.625679970E0,2.300000000E1
4.857135565E2,5.162319887E1,6.974468150E0,4.841158413E1,9.314355469E1,3.240000010E0,3.538999939E2,3.055121325E-1,8.129843712E0,4.654378891E0,2.300000000E1
4.867084257E2,5.162319059E1,6.974489570E0,4.829295227E1,9.302496338E1,6.000000238E-1,3.521000061E2,3.132103824E-1,8.677629471E0,4.544856548E0,2.200000000E1
4.877087527E2,5.162322808E1,6.974583320E0,4.760048811E1,9.233245850E1,5.769999981E0,5.959999847E1,3.239091448E-1,8.748946190E0,4.416302681E0,2.300000000E1
4.887106525E2,5.162315917E1,6.974691480E0,4.649790819E1,9.123016357E1,4.849999905E0,1.265000000E2,3.330333159E-1,8.532322884E0,4.231451035E0,2.300000000E1
4.897130030E2,5.162307893E1,6.974663830E0,4.716059423E1,9.189306641E1,6.309999943E0,1.923999939E2,3.378347063E-1,6.410219669E0,3.875298977E0,2.300000000E1
4.907090405E2,5.162305344E1,6.974607690E0,4.660190606E1,9.133441162E1,4.090000153E0,2.196000061E2,3.421919422E-1,6.492859364E0,3.795818806E0,2.300000000E1
4.917094228E2,5.162306038E1,6.974545570E0,4.710868701E1,9.184112549E1,2.990000010E0,2.326999969E2,3.485289339E-1,5.759281635E0,3.511480093E0,2.300000000E1
4.927120185E2,5.162310722E1,6.974597860E0,4.599306382E1,9.072540283E1,3.319999933E0,5.100000000E1,3.640409435E-1,6.158404350E0,3.483219385E0,2.300000000E1
4.937120013E2,5.162301119E1,6.974760850E0,4.825083616E1,9.298358154E1,1.260999966E1,1.383000031E2,3.706224987E-1,4.749394417E0,3.458008051E0,2.300000000E1
4.947084489E2,5.162296750E1,6.974696530E0,4.760646792E1,9.233929443E1,1.097000027E1,2.191000061E2,3.769631513E-1,4.537109852E0,3.273815870E0,2.300000000E1
4.957102427E2,5.162291607E1,6.974656860E0,4.761189962E1,9.234484863E1,8.659999847E0,2.048999939E2,3.811615768E-1,4.538103104E0,3.186893702E0,2.300000000E1
4.967122524E2,5.162291933E1,6.974596270E0,4.468226717E1,8.941516113E1,5.099999905E0,2.396999969E2,3.839789614E-1,4.928328991E0,3.197344065E0,2.300000000E1
4.977123537E2,5.162294465E1,6.974594760E0,4.289706492E1,8.762988281E1,1.870000005E0,2.103999939E2,3.965580993E-1,5.850149632E0,3.438583136E0,2.300000000E1
4.987109585E2,5.162302888E1,6.974716400E0,4.059076558E1,8.532342529E1,8.020000458E0,5.909999847E1,4.000017605E-1,5.632621288E0,3.626653194E0,2.300000000E1
4.997122976E2,5.162305929E1,6.974725840E0,4.109383924E1,8.582641602E1,2.960000038E0,4.820000076E1,4.023448752E-1,6.756340027E0,3.872618198E0,2.300000000E1
5.007107711E2,5.162306669E1,6.974757620E0,4.234798772E1,8.708056641E1,4.699999988E-1,9.759999847E1,4.187044168E-1,6.580362320E0,3.658595562E0,2.300000000E1
5.017127925E2,5.162308924E1,6.974523440E0,4.622658686E1,9.095892334E1,1.035000038E1,2.810000000E2,4.245451064E-1,4.566737652E0,3.267403603E0,2.300000000E1
5.027108624E2,5.162310341E1,6.974441970E0,4.660889200E1,9.134112549E1,7.199999809E0,2.865000000E2,4.296693106E-1,4.430775642E0,3.151686192E0,2.300000000E1
5.037138220E2,5.162314185E1,6.974401030E0,4.639248371E1,9.112457275E1,5.800000191E0,3.042000122E2,4.383874240E-1,5.056004047E0,3.045490503E0,2.300000000E1
5.047121943E2,5.162320244E1,6.974481180E0,4.602309617E1,9.075506592E1,5.199999809E0,2.539999962E1,4.462290989E-1,6.086207867E0,3.237862825E0,2.300000000E1
5.057154155E2,5.162320544E1,6.974594670E0,4.590198730E1,9.063403320E1,3.440000057E0,6.530000305E1,4.501955140E-1,5.982429028E0,3.138087511E0,2.300000000E1
5.067135748E2,5.162321719E1,6.974648920E0,4.516675195E1,8.989880371E1,3.589999914E0,9.699999809E0,4.564238024E-1,5.757461548E0,3.131485224E0,2.300000000E1
5.077120256E2,5.162318810E1,6.974571820E0,4.541550290E1,9.014758301E1,4.539999962E0,2.720000000E2,4.611985838E-1,6.185506821E0,3.229852676E0,2.300000000E1
5.087127841E2,5.162320158E1,6.974506150E0,4.707367306E1,9.180566406E1,4.130000114E0,3.123999939E2,4.660704863E-1,5.736709595E0,3.293454170E0,2.300000000E1
5.097124632E2,5.162323131E1,6.974557990E0,4.725676665E1,9.198870850E1,3.940000057E0,2.300000000E1,4.704415948E-1,5.229564190E0,3.078948021E0,2.300000000E1
5.107118143E2,5.162323549E1,6.974620950E0,4.588325773E1,9.061523438E1,3.730000019E0,5.029999924E1,4.756996031E-1,4.927358627E0,2.886534929E0,2.300000000E1
5.117123588E2,5.162321957E1,6.974692670E0,4.541935073E1,9.015142822E1,3.349999905E0,7.990000153E1,4.868364264E-1,5.591046810E0,2.812659502E0,2.300000000E1
5.127138764E2,5.162312081E1,6.974665830E0,4.571924941E1,9.045159912E1,6.269999981E0,1.993000031E2,4.923854611E-1,5.261617184E0,2.904710293E0,2.300000000E1
5.137085453E2,5.162309710E1,6.974595100E0,4.464434208E1,8.937670898E1,4.369999886E0,2.341000061E2,4.987964993E-1,5.045765400E0,2.918725014E0,2.300000000E1
5.147096014E2,5.162312866E1,6.974517380E0,4.629464021E1,9.102685547E1,3.700000048E0,2.817000122E2,5.050475671E-1,4.788003445E0,2.895734072E0,2.300000000E1
5.157123598E2,5.162316892E1,6.974580580E0,4.498434826E1,8.971649170E1,3.740000010E0,4.540000153E1,5.098715644E-1,5.388578892E0,3.061500311E0,2.300000000E1
5.167120365E2,5.162315045E1,6.974643810E0,4.436675354E1,8.909899902E1,3.259999990E0,1.116999969E2,5.138623082E-1,5.448978901E0,3.173856974E0,2.300000000E1
5.177111082E2,5.162312270E1,6.974680470E0,4.318268397E1,8.791503906E1,1.730000019E0,1.473000031E2,5.152669503E-1,6.212554455E0,3.403010845E0,2.300000000E1
5.187089212E2,5.162311029E1,6.974684270E0,4.350985386E1,8.824224854E1,6.999999881E-1,1.980000000E2,5.197712779E-1,5.714867115E0,3.407592535E0,2.300000000E1
5.197128149E2,5.162312019E1,6.974621000E0,4.271433731E1,8.744665527E1,4.880000114E0,2.977999878E2,5.228873831E-1,5.832894802E0,3.557015419E0,2.300000000E1
5.207089988E2,5.162313430E1,6.974582000E0,4.242156162E1,8.715380859E1,9.300000072E-1,2.991000061E2,5.271872812E-1,5.041320324E0,3.213800430E0,2.300000000E1
5.217105907E2,5.162317272E1,6.974589070E0,4.341959485E1,8.815173340E1,4.050000191E0,2.329999924E1,5.325525613E-1,5.074990749E0,3.195616961E0,2.300000000E1
5.227087606E2,5.162320497E1,6.974646880E0,4.356216408E1,8.829425049E1,4.199999809E0,4.359999847E1,5.359345995E-1,5.656380653E0,3.182453394E0,2.300000000E1
5.237133854E2,5.162320736E1,6.974695720E0,4.363458329E1,8.836669922E1,3.039999962E0,7.100000000E1,5.476585447E-1,5.510327339E0,3.024327040E0,2.300000000E1
5.247119503E2,5.162310939E1,6.974632950E0,4.402691846E1,8.875927734E1,5.429999828E0,2.408999939E2,5.550864031E-1,5.307903290E0,2.941066742E0,2.300000000E1
5.257094810E2,5.162312563E1,6.974528580E0,4.481830449E1,8.955053711E1,4.139999866E0,2.906000061E2,5.601787012E-1,4.749392033E0,2.780972958E0,2.300000000E1
5.267091148E2,5.162317055E1,6.974542940E0,4.395099505E1,8.868310547E1,3.130000114E0,7.800000191E0,5.668503557E-1,5.048814297E0,2.757076263E0,2.300000000E1
5.277121423E2,5.162321820E1,6.974601670E0,4.419010577E1,8.892211914E1,4.969999790E0,3.020000076E1,5.731213884E-1,4.979605198E0,2.745354414E0,2.300000000E1
5.287132954E2,5.162317964E1,6.974667960E0,4.304327448E1,8.777545166E1,2.339999914E0,1.115999985E2,5.768395862E-1,5.526422501E0,2.850392580E0,2.300000000E1
5.297086163E2,5.162316909E1,6.974719070E0,4.396453065E1,8.869677734E1,1.809999943E0,7.790000153E1,5.830318712E-1,5.161950111E0,2.725409508E0,2.300000000E1
5.307120176E2,5.162311352E1,6.974713220E0,4.404237347E1,8.877478027E1,2.509999990E0,1.693999939E2,5.886609931E-1,5.400564671E0,2.777051210E0,2.300000000E1
5.317131150E2,5.162308908E1,6.974641810E0,4.674657827E1,9.147900391E1,2.069999933E0,2.101999969E2,5.921685376E-1,5.092404366E0,2.727338791E0,2.300000000E1
5.327126301E2,5.162309717E1,6.974690920E0,4.570536669E1,9.043780518E1,3.450000048E0,8.909999847E1,6.052976058E-1,5.077826023E0,2.616962194E0,2.300000000E1
5.337096348E2,5.162303231E1,6.974849840E0,4.544059030E1,9.017333984E1,1.131000042E1,1.353999939E2,6.096973149E-1,3.790092468E0,2.500000000E0,2.300000000E1
5.347116662E2,5.162299564E1,6.974873780E0,4.345755366E1,8.819042969E1,6.849999905E0,1.391000061E2,6.141301391E-1,3.876725435E0,2.500000000E0,2.300000000E1
5.357117438E2,5.162296909E1,6.974825880E0,4.317504026E1,8.790795898E1,5.119999886E0,1.901000061E2,6.190848730E-1,3.825573683E0,2.500000000E0,2.300000000E1
5.367128682E2,5.162297290E1,6.974754370E0,4.256963637E1,8.730249023E1,3.599999905E0,2.281999969E2,6.313001792E-1,4.027731419E0,2.500000000E0,2.300000000E1
5.377082058E2,5.162303149E1,6.974604690E0,4.431320808E1,8.904577637E1,5.400000095E0,2.813999939E2,6.388110620E-1,5.214837551E0,2.972596169E0,2.300000000E1
5.387123803E2,5.162309772E1,6.974583310E0,4.421967013E1,8.895202637E1,4.820000172E0,3.315000000E2,6.430617123E-1,5.597722054E0,3.181319237E0,2.300000000E1
5.397123238E2,5.162313516E1,6.974595740E0,4.604081656E1,9.077307129E1,2.640000105E0,3.142999878E2,6.454298553E-1,5.562384605E0,3.461157560E0,2.300000000E1
5.407109665E2,5.162313682E1,6.974629940E0,4.686525874E1,9.159753418E1,8.700000048E-1,3.231000061E2,6.580265458E-1,6.561069489E0,3.740576982E0,2.300000000E1
5.417110573E2,5.162310600E1,6.974454350E0,4.726965699E1,9.200189209E1,8.680000305E0,2.602999878E2,6.635742758E-1,5.090344906E0,3.812228441E0,2.300000000E1
5.427138999E2,5.162315271E1,6.974426110E0,4.674058056E1,9.147265625E1,5.809999943E0,3.271000061E2,6.678088137E-1,4.906223297E0,3.845491886E0,2.300000000E1
5.437142824E2,5.162319006E1,6.974438080E0,4.568788674E1,9.041986084E1,4.440000057E0,3.552000122E2,6.870589391E-1,5.475588799E0,3.819595337E0,2.300000000E1
5.447120482E2,5.162311500E1,6.974689360E0,4.565586009E1,9.038824463E1,1.406999969E1,1.129000015E2,6.926591871E-1,4.419116497E0,3.454135180E0,2.300000000E1
5.457099168E2,5.162311451E1,6.974770480E0,4.627072706E1,9.100317383E1,7.449999809E0,1.093000031E2,6.945608453E-1,4.519718170E0,3.344723701E0,2.300000000E1
5.467119635E2,5.162310592E1,6.974794300E0,4.589403583E1,9.062652588E1,3.569999933E0,1.178000031E2,7.172673100E-1,4.947670937E0,3.050418377E0,2.300000000E1
5.477114194E2,5.162317374E1,6.974484050E0,4.914300418E1,9.387506104E1,1.498999977E1,2.945000000E2,7.230846030E-1,3.790092468E0,2.825722694E0,2.300000000E1
5.487105180E2,5.162319249E1,6.974405380E0,5.052916599E1,9.526110840E1,7.500000000E0,3.007999878E2,7.308438131E-1,3.862804651E0,2.693558693E0,2.300000000E1
5.497096191E2,5.162325196E1,6.974346580E0,5.113705208E1,9.586877441E1,8.390000343E0,3.237999878E2,7.361701061E-1,4.410951138E0,2.745012760E0,2.300000000E1
5.507138615E2,5.162327767E1,6.974411680E0,4.976946466E1,9.450115967E1,4.360000134E0,1.679999924E1,7.433490442E-1,5.398857117E0,2.918035507E0,2.300000000E1
5.517123914E2,5.162327632E1,6.974515650E0,5.007175093E1,9.480352783E1,2.420000076E0,5.870000076E1,7.514875742E-1,5.850659847E0,2.973693609E0,2.300000000E1
5.527090594E2,5.162320412E1,6.974534990E0,4.762785819E1,9.235986328E1,3.500000000E0,2.058999939E2,7.535217197E-1,5.594500542E0,3.236579895E0,2.300000000E1
5.537085927E2,5.162320772E1,6.974563880E0,4.717838431E1,9.191040039E1,1.480000019E0,3.377999878E2,7.586694485E-1,5.629470825E0,3.225208759E0,2.300000000E1
5.547125324E2,5.162320546E1,6.974489400E0,4.892471028E1,9.365667725E1,2.740000010E0,3.021000061E2,7.660067501E-1,5.226857185E0,3.346245289E0,2.300000000E1
5.557115033E2,5.162319170E1,6.974593350E0,4.923434508E1,9.396643066E1,3.710000038E0,9.300000000E1,7.708894100E-1,5.267115116E0,3.521165371E0,2.300000000E1
5.567100395E2,5.162317364E1,6.974657820E0,4.899205583E1,9.372424316E1,3.950000048E0,1.123000031E2,7.735213981E-1,5.080085278E0,3.535552025E0,2.300000000E1
5.577098955E2,5.162316276E1,6.974691680E0,4.880223995E1,9.353448486E1,2.059999943E0,1.238000031E2,7.764249612E-1,5.527605057E0,3.407827854E0,2.300000000E1
5.587125466E2,5.162313853E1,6.974707360E0,4.750900463E1,9.224133301E1,3.390000105E0,1.470000000E2,7.790089057E-1,5.592596054E0,3.442179680E0,2.300000000E1
5.597177535E2,5.162311940E1,6.974686110E0,4.608464752E1,9.081701660E1,2.690000057E0,1.956000061E2,7.827138927E-1,5.237658978E0,3.475356817E0,2.300000000E1
5.607115069E2,5.162311260E1,6.974633570E0,4.568207886E1,9.041442871E1,2.470000029E0,2.461999969E2,7.874227387E-1,4.906216145E0,3.385545731E0,2.300000000E1
5.617105045E2,5.162314360E1,6.974587100E0,4.422871423E1,8.896093750E1,2.079999924E0,3.353999939E2,7.917172355E-1,5.389043808E0,3.367571115E0,2.300000000E1
5.627106433E2,5.162318085E1,6.974603530E0,4.370073601E1,8.843286133E1,3.140000105E0,4.590000153E1,7.947788014E-1,5.520597458E0,3.377575397E0,2.300000000E1
5.637090454E2,5.162319041E1,6.974645120E0,4.356444164E1,8.829656982E1,2.170000076E0,8.269999695E1,8.060150522E-1,5.623804092E0,3.131638050E0,2.300000000E1
5.647183455E2,5.162311302E1,6.974540460E0,4.509694479E1,8.982922363E1,6.590000153E0,2.308999939E2,8.114846445E-1,4.044755936E0,2.898606062E0,2.300000000E1
5.657090985E2,5.162312966E1,6.974465900E0,4.592572423E1,9.065789795E1,8.520000458E0,3.076000061E2,8.157128715E-1,3.811441183E0,2.879729271E0,2.300000000E1
5.667078410E2,5.162314177E1,6.974407840E0,4.583132115E1,9.056341553E1,5.630000114E0,3.028999939E2,8.269576287E-1,3.904243231E0,2.816627979E0,2.300000000E1
5.677084551E2,5.162320046E1,6.974540490E0,4.547849021E1,9.021051025E1,9.779999733E0,4.850000000E1,8.326711584E-1,3.790092468E0,2.655623436E0,2.300000000E1
5.687088842E2,5.162319340E1,6.974622470E0,4.512623504E1,8.985833740E1,7.590000153E0,1.029000015E2,8.394920441E-1,3.790092468E0,2.500000000E0,2.300000000E1
5.697084897E2,5.162315510E1,6.974699650E0,4.654677918E1,9.127905273E1,8.979999542E0,1.403999939E2,8.441492423E-1,3.790092468E0,2.500000000E0,2.300000000E1
5.707093942E2,5.162311457E1,6.974682640E0,4.644150838E1,9.117388916E1,5.829999924E0,2.076999969E2,8.488000713E-1,3.790092468E0,2.500000000E0,2.300000000E1
5.717088131E2,5.162308898E1,6.974629350E0,4.648273233E1,9.121514893E1,6.730000019E0,2.451999969E2,8.534534802E-1,3.790092468E0,2.500000000E0,2.300000000E1
5.727095324E2,5.162309242E1,6.974562170E0,4.699207019E1,9.172442627E1,5.800000191E0,2.813999939E2,8.582453756E-1,3.790092468E0,2.500000000E0,2.300000000E1
5.737086859E2,5.162312477E1,6.974516310E0,4.762196104E1,9.235418701E1,5.829999924E0,3.262000122E2,8.637214485E-1,3.790092468E0,2.500000000E0,2.300000000E1
5.747083737E2,5.162316640E1,6.974558690E0,4.575492605E1,9.048706055E1,5.710000038E0,2.279999924E1,8.673886404E-1,3.790092468E0,2.500000000E0,2.200000000E1
5.757085673E2,5.162319272E1,6.974590700E0,4.546677196E1,9.019885254E1,4.650000095E0,5.009999847E1,8.713212521E-1,3.790092468E0,2.500000000E0,2.100000000E1
5.767088725E2,5.162322106E1,6.974624780E0,4.538363940E1,9.011566162E1,3.920000076E0,4.040000153E1,8.772710201E-1,3.790092468E0,2.500000000E0,2.100000000E1
5.777088696E2,5.162317682E1,6.974673260E0,4.549882857E1,9.023101807E1,5.590000153E0,1.456999969E2,8.805280958E-1,3.790092468E0,2.500000000E0,2.100000000E1
5.787086790E2,5.162315398E1,6.974702800E0,4.595796735E1,9.069024658E1,3.720000029E0,1.510000000E2,8.823234540E-1,3.790092468E0,2.500000000E0,2.100000000E1
5.797102350E2,5.162313801E1,6.974698970E0,4.575699521E1,9.048931885E1,2.380000114E0,2.056999969E2,8.848065384E-1,3.790092468E0,2.500000000E0,2.100000000E1
5.807068594E2,5.162312030E1,6.974677060E0,4.588714720E1,9.061950684E1,2.690000057E0,2.343000031E2,8.870371229E-1,3.790092468E0,2.500000000E0,2.100000000E1
5.817098659E2,5.162310628E1,6.974653950E0,4.583786764E1,9.057025146E1,2.319999933E0,2.306999969E2,8.886081679E-1,3.790092468E0,2.500000000E0,2.100000000E1
5.827090960E2,5.162310088E1,6.974632920E0,4.541049925E1,9.014288330E1,1.039999962E0,2.483000031E2,8.898460685E-1,3.790092468E0,2.500000000E0,2.000000000E1
5.837095510E2,5.162310429E1,6.974615850E0,4.536413542E1,9.009649658E1,1.320000052E0,3.153999939E2,8.912457589E-1,3.790092468E0,2.500000000E0,2.000000000E1
5.847098863E2,5.162311445E1,6.974603880E0,4.535892543E1,9.009124756E1,1.179999948E0,3.152999878E2,8.923933481E-1,3.790092468E0,2.500000000E0,2.000000000E1
5.857099870E2,5.162312280E1,6.974594110E0,4.519758052E1,8.992987061E1,1.009999990E0,3.273999939E2,8.927965982E-1,3.790092468E0,2.500000000E0,1.900000000E1
5.867108873E2,5.162312642E1,6.974593760E0,4.545265741E1,9.018493652E1,0.000000000E0,0.000000000E0,8.932786697E-1,3.790092468E0,2.500000000E0,1.900000000E1
5.877095342E2,5.162312986E1,6.974589510E0,4.628079578E1,9.101306152E1,3.300000131E-1,3.008999939E2,8.937999436E-1,3.790092468E0,2.500000000E0,1.900000000E1
5.887087118E2,5.162313376E1,6.974585320E0,4.655998527E1,9.129223633E1,5.699999928E-1,2.907999878E2,8.946231588E-1,3.790092468E0,2.500000000E0,1.900000000E1
5.897088577E2,5.162313844E1,6.974576080E0,4.628461542E1,9.101684570E1,8.700000048E-1,2.827000122E2,8.954211326E-1,3.790092468E0,2.500000000E0,1.900000000E1
5.907091629E2,5.162314362E1,6.974568080E0,4.606631399E1,9.079852295E1,7.300000191E-1,2.753999939E2,8.957659363E-1,3.790092468E0,2.500000000E0,1.900000000E1
5.917090051E2,5.162314629E1,6.974565540E0,4.640421442E1,9.113641357E1,2.399999946E-1,2.587000122E2,8.960218506E-1,3.790092468E0,2.500000000E0,1.900000000E1
5.927099941E2,5.162314858E1,6.974565910E0,4.675645481E1,9.148864746E1,3.199999928E-1,2.420000000E2,8.962697288E-1,3.790092468E0,2.500000000E0,2.000000000E1
5.937091005E2,5.162315053E1,6.974567650E0,4.770775322E1,9.243994141E1,3.400000036E-1,2.296999969E2,8.971325778E-1,3.790092468E0,2.500000000E0,2.000000000E1
5.947120661E2,5.162315725E1,6.974573900E0,4.802887439E1,9.276104736E1,0.000000000E0,0.000000000E0,8.973957512E-1,3.790092468E0,2.500000000E0,2.000000000E1
5.957099254E2,5.162315956E1,6.974574730E0,4.835010863E1,9.308227539E1,0.000000000E0,0.000000000E0,8.975968635E-1,3.790092468E0,2.500000000E0,2.000000000E1
5.967101686E2,5.162315830E1,6.974576820E0,4.853088947E1,9.326306152E1,1.599999964E-1,2.341999969E2,8.978584868E-1,3.790092468E0,2.500000000E0,2.000000000E1
5.977103394E2,5.162316059E1,6.974575950E0,4.864521574E1,9.337738037E1,0.000000000E0,0.000000000E0,8.979348210E-1,3.790092468E0,2.500000000E0,2.000000000E1
5.987125139E2,5.162316123E1,6.974575550E0,4.851472477E1,9.324688721E1,0.000000000E0,0.000000000E0,8.980591920E-1,3.790092468E0,2.500000000E0,2.000000000E1
5.997087739E2,5.162316152E1,6.974577290E0,4.877082784E1,9.350299072E1,1.500000060E-1,2.245000000E2,8.983616985E-1,3.790092468E0,2.500000000E0,2.000000000E1
6.007112260E2,5.162316375E1,6.974579800E0,4.836458256E1,9.309674072E1,0.000000000E0,0.000000000E0,8.984762791E-1,3.790092468E0,2.548610926E0,2.100000000E1
6.017111453E2,5.162316469E1,6.974579120E0,4.839327238E1,9.312542725E1,0.000000000E0,0.000000000E0,8.986464117E-1,3.790092468E0,2.837095737E0,2.200000000E1
6.027091346E2,5.162316437E1,6.974576710E0,4.838100517E1,9.311315918E1,0.000000000E0,0.000000000E0,8.988764341E-1,3.790092468E0,2.969492912E0,2.200000000E1
6.037109888E2,5.162316238E1,6.974575800E0,4.840040914E1,9.313256836E1,0.000000000E0,0.000000000E0,8.989371498E-1,3.790092468E0,3.047363043E0,2.200000000E1
6.047104271E2,5.162316214E1,6.974575010E0,4.838112191E1,9.311328125E1,0.000000000E0,0.000000000E0,8.990691204E-1,3.790092468E0,3.116196632E0,2.200000000E1
6.057096162E2,5.162316219E1,6.974573100E0,4.856630416E1,9.329846191E1,0.000000000E0,0.000000000E0,8.992366846E-1,3.790092468E0,3.174136162E0,2.200000000E1
6.067096485E2,5.162316318E1,6.974571270E0,4.884536119E1,9.357751465E1,1.500000060E-1,2.395000000E2,8.996115130E-1,3.930776834E0,3.318270445E0,2.100000000E1
6.077112688E2,5.162316627E1,6.974569100E0,4.902518154E1,9.375732422E1,0.000000000E0,0.000000000E0,8.999398554E-1,3.790092468E0,3.097523928E0,2.000000000E1
6.087090623E2,5.162316811E1,6.974565380E0,4.890055598E1,9.363269043E1,0.000000000E0,0.000000000E0,9.004082834E-1,3.790092468E0,2.851247787E0,2.000000000E1
6.097090227E2,5.162317187E1,6.974562320E0,4.912023493E1,9.385235596E1,0.000000000E0,0.000000000E0,9.006290463E-1,3.790092468E0,2.703160286E0,2.000000000E1
6.107085869E2,5.162317361E1,6.974560780E0,4.919336135E1,9.392547607E1,0.000000000E0,0.000000000E0,9.009781914E-1,3.790092468E0,2.560453892E0,2.000000000E1
6.117127704E2,5.162317579E1,6.974557140E0,4.942560930E1,9.415771484E1,0.000000000E0,0.000000000E0,9.010020371E-1,3.790092468E0,2.879944801E0,2.000000000E1
6.127085660E2,5.162317600E1,6.974557070E0,4.965919152E1,9.439129639E1,0.000000000E0,0.000000000E0,9.011955982E-1,3.790092468E0,2.796961308E0,2.000000000E1
6.137086134E2,5.162317436E1,6.974556130E0,4.986481481E1,9.459692383E1,0.000000000E0,0.000000000E0,9.014072753E-1,3.790092468E0,2.801028252E0,2.000000000E1
6.147089845E2,5.162317246E1,6.974555940E0,5.016186743E1,9.489398193E1,0.000000000E0,0.000000000E0,9.014731739E-1,3.790092468E0,2.659559488E0,2.000000000E1
6.157108766E2,5.162317187E1,6.974556030E0,5.037396279E1,9.510607910E1,0.000000000E0,0.000000000E0,9.017164293E-1,3.790092468E0,2.683606386E0,2.000000000E1
6.167109262E2,5.162316980E1,6.974554890E0,5.000036132E1,9.473248291E1,0.000000000E0,0.000000000E0,9.020776897E-1,3.790092468E0,2.779952765E0,2.000000000E1
6.177109268E2,5.162317119E1,6.974550160E0,4.985248080E1,9.458459473E1,2.599999905E-1,2.391000061E2,9.023093518E-1,3.790092468E0,2.500000000E0,2.000000000E1
6.187178379E2,5.162317282E1,6.974552250E0,5.000055534E1,9.473266602E1,0.000000000E0,0.000000000E0,9.023908186E-1,3.790092468E0,2.500000000E0,2.000000000E1
6.197101561E2,5.162317281E1,6.974553430E0,4.981342064E1,9.454553223E1,0.000000000E0,0.000000000E0,9.027474719E-1,3.790092468E0,2.500000000E0,2.000000000E1
6.207090296E2,5.162317054E1,6.974557080E0,4.981988092E1,9.455200195E1,0.000000000E0,0.000000000E0,9.029608179E-1,3.790092468E0,2.500000000E0,2.000000000E1
6.217096511E2,5.162316874E1,6.974556010E0,4.981072112E1,9.454284668E1,0.000000000E0,0.000000000E0,9.032312583E-1,3.790092468E0,2.500000000E0,2.100000000E1
6.227096924E2,5.162316662E1,6.974554090E0,4.939616550E1,9.412829590E1,0.000000000E0,0.000000000E0,9.033240571E-1,3.790092468E0,2.500000000E0,2.100000000E1
6.237101894E2,5.162316580E1,6.974554340E0,4.941496171E1,9.414709473E1,0.000000000E0,0.000000000E0,9.034124999E-1,3.790092468E0,2.500000000E0,2.100000000E1
6.247087017E2,5.162316600E1,6.974553100E0,4.937876938E1,9.411090088E1,0.000000000E0,0.000000000E0,9.037450658E-1,3.790092468E0,2.500000000E0,2.100000000E1
6.257119494E2,5.162316304E1,6.974552410E0,4.916135391E1,9.389349365E1,0.000000000E0,0.000000000E0,9.041532762E-1,3.790092468E0,2.500000000E0,2.100000000E1
6.267105029E2,5.162315938E1,6.974551950E0,4.928750309E1,9.401965332E1,2.399999946E-1,2.386999969E2,9.045586697E-1,3.790092468E0,2.500000000E0,2.100000000E1
6.277115224E2,5.162315706E1,6.974556480E0,4.965468033E1,9.438684082E1,0.000000000E0,0.000000000E0,9.046084897E-1,3.790092468E0,2.500000000E0,2.000000000E1
6.287103119E2,5.162315672E1,6.974556950E0,4.891609255E1,9.364825439E1,0.000000000E0,0.000000000E0,9.049579250E-1,3.790092468E0,2.500000000E0,2.000000000E1
6.297125938E2,5.162315382E1,6.974558900E0,4.882880223E1,9.356097412E1,0.000000000E0,0.000000000E0,9.053705381E-1,3.790092468E0,2.500000000E0,2.100000000E1
6.307094789E2,5.162315027E1,6.974560640E0,4.878026747E1,9.351245117E1,0.000000000E0,0.000000000E0,9.055969627E-1,3.790092468E0,2.500000000E0,2.100000000E1
6.317097922E2,5.162314854E1,6.974562370E0,4.858946515E1,9.332165527E1,0.000000000E0,0.000000000E0,9.057837714E-1,3.790092468E0,2.500000000E0,2.100000000E1
6.327098515E2,5.162314686E1,6.974562360E0,4.841325169E1,9.314544678E1,0.000000000E0,0.000000000E0,9.060805476E-1,3.790092468E0,2.500000000E0,2.100000000E1
6.337090730E2,5.162314566E1,6.974566200E0,4.791562563E1,9.264782715E1,2.099999934E-1,2.368999939E2,9.065376425E-1,3.790092468E0,2.507668257E0,2.100000000E1
6.347117686E2,5.162314599E1,6.974572800E0,4.799466219E1,9.272686768E1,0.000000000E0,0.000000000E0,9.066532925E-1,3.790092468E0,2.755673409E0,2.200000000E1
6.357084719E2,5.162314581E1,6.974571150E0,4.855368389E1,9.328588867E1,0.000000000E0,0.000000000E0,9.068600687E-1,3.790092468E0,2.987910032E0,2.200000000E1
6.367114563E2,5.162314747E1,6.974572500E0,4.880057500E1,9.353277588E1,0.000000000E0,0.000000000E0,9.072096939E-1,3.790092468E0,3.232982159E0,2.200000000E1
6.377091192E2,5.162315029E1,6.974570260E0,4.857322907E1,9.330541992E1,0.000000000E0,0.000000000E0,9.074442712E-1,3.790092468E0,3.513023138E0,2.200000000E1
6.387106990E2,5.162315114E1,6.974567150E0,4.880712064E1,9.353930664E1,0.000000000E0,0.000000000E0,9.075792149E-1,3.790092468E0,3.711922646E0,2.200000000E1
6.397103925E2,5.162314993E1,6.974567300E0,4.885399194E1,9.358618164E1,0.000000000E0,0.000000000E0,9.077185442E-1,3.900757074E0,3.917385340E0,2.200000000E1
6.407084781E2,5.162315118E1,6.974567440E0,4.888689349E1,9.361907959E1,0.000000000E0,0.000000000E0,9.083892802E-1,3.802649736E0,3.739740610E0,2.000000000E1
6.417107799E2,5.162315453E1,6.974559360E0,4.977368924E1,9.450585938E1,0.000000000E0,0.000000000E0,9.086652247E-1,3.790092468E0,3.409036398E0,2.000000000E1
6.427091466E2,5.162315617E1,6.974556360E0,4.994843999E1,9.468060303E1,0.000000000E0,0.000000000E0,9.087096387E-1,3.790092468E0,3.240653753E0,2.100000000E1
6.437097150E2,5.162315582E1,6.974556050E0,5.000636155E1,9.473852539E1,0.000000000E0,0.000000000E0,9.088114748E-1,3.790092468E0,3.202753544E0,2.100000000E1
6.447089274E2,5.162315651E1,6.974557020E0,5.036787410E1,9.510003662E1,0.000000000E0,0.000000000E0,9.092103287E-1,3.790092468E0,3.242072344E0,2.100000000E1
6.457088328E2,5.162315945E1,6.974553710E0,5.064687698E1,9.537902832E1,0.000000000E0,0.000000000E0,9.093524212E-1,3.790092468E0,3.234084368E0,2.100000000E1
6.467082468E2,5.162316063E1,6.974552920E0,5.058596798E1,9.531811523E1,0.000000000E0,0.000000000E0,9.094264213E-1,3.790092468E0,3.180796146E0,2.100000000E1
6.477102052E2,5.162316128E1,6.974552690E0,5.056344810E1,9.529559326E1,0.000000000E0,0.000000000E0,9.094467927E-1,3.790092468E0,3.195840120E0,2.100000000E1
6.487088736E2,5.162316145E1,6.974552580E0,5.058511617E1,9.531726074E1,0.000000000E0,0.000000000E0,9.094559262E-1,3.790092468E0,2.989159822E0,2.000000000E1
6.497089407E2,5.162316153E1,6.974552610E0,5.057150554E1,9.530364990E1,0.000000000E0,0.000000000E0,9.094593327E-1,3.790092468E0,2.867305994E0,2.000000000E1
6.507106930E2,5.162316156E1,6.974552620E0,5.056814869E1,9.530029297E1,0.000000000E0,0.000000000E0,9.094606415E-1,3.790092468E0,2.760742664E0,2.000000000E1
6.517088010E2,5.162316157E1,6.974552610E0,5.056845391E1,9.530059814E1,0.000000000E0,0.000000000E0,9.094629922E-1,3.790092468E0,2.723213196E0,2.000000000E1
6.527090754E2,5.162316156E1,6.974552580E0,5.056717216E1,9.529931641E1,0.000000000E0,0.000000000E0,9.094643728E-1,3.790092468E0,2.629244566E0,2.000000000E1
6.537085679E2,5.162316156E1,6.974552560E0,5.056534112E1,9.529748535E1,0.000000000E0,0.000000000E0,9.094654848E-1,3.790092468E0,2.500000000E0,2.000000000E1
6.547090734E2,5.162316157E1,6.974552560E0,5.056613461E1,9.529827881E1,0.000000000E0,0.000000000E0,9.094665967E-1,3.790092468E0,2.500000000E0,2.000000000E1
6.557086382E2,5.162316156E1,6.974552560E0,5.056088555E1,9.529302979E1,0.000000000E0,0.000000000E0,9.094696356E-1,3.790092468E0,2.500000000E0,2.000000000E1
6.567103049E2,5.162316154E1,6.974552530E0,5.056039724E1,9.529254150E1,0.000000000E0,0.000000000E0,9.094714084E-1,3.790092468E0,2.500000000E0,2.000000000E1
6.577106730E2,5.162316153E1,6.974552510E0,5.056265552E1,9.529479980E1,0.000000000E0,0.000000000E0,9.094725203E-1,3.790092468E0,2.500000000E0,2.000000000E1
6.587094271E2,5.162316152E1,6.974552510E0,5.055954270E1,9.529168701E1,0.000000000E0,0.000000000E0,9.094732106E-1,3.790092468E0,2.556241989E0,1.900000000E1
6.597088617E2,5.162316152E1,6.974552500E0,5.055948167E1,9.529162598E1,0.000000000E0,0.000000000E0,9.094755392E-1,3.790092468E0,2.500000000E0,2.000000000E1
6.607075456E2,5.162316154E1,6.974552490E0,5.055716240E1,9.528930664E1,0.000000000E0,0.000000000E0,9.095126301E-1,3.790092468E0,2.500000000E0,2.000000000E1
6.617114681E2,5.162316134E1,6.974552060E0,5.059085354E1,9.532299805E1,0.000000000E0,0.000000000E0,9.095390299E-1,3.790092468E0,2.500000000E0,2.000000000E1
6.627107028E2,5.162316121E1,6.974551740E0,5.058853406E1,9.532067871E1,0.000000000E0,0.000000000E0,9.095466709E-1,3.790092468E0,2.500000000E0,1.800000000E1
6.637097379E2,5.162316117E1,6.974551650E0,5.058725227E1,9.531939697E1,0.000000000E0,0.000000000E0,9.095497098E-1,3.790092468E0,2.500000000E0,1.800000000E1
6.647093757E2,5.162316119E1,6.974551620E0,5.058780167E1,9.531994629E1,0.000000000E0,0.000000000E0,9.095527486E-1,3.790092468E0,2.500000000E0,1.800000000E1
6.657086143E2,5.162316121E1,6.974551590E0,5.058597069E1,9.531811523E1,0.000000000E0,0.000000000E0,9.095562941E-1,3.790092468E0,2.500000000E0,2.000000000E1
6.667103580E2,5.162316123E1,6.974551550E0,5.058236971E1,9.531451416E1,0.000000000E0,0.000000000E0,9.095598397E-1,3.790092468E0,2.500000000E0,2.000000000E1
6.677107636E2,5.162316125E1,6.974551510E0,5.058090495E1,9.531304932E1,0.000000000E0,0.000000000E0,9.095628785E-1,3.790092468E0,2.500000000E0,2.000000000E1
6.687096852E2,5.162316127E1,6.974551480E0,5.058114918E1,9.531329346E1,0.000000000E0,0.000000000E0,9.095646513E-1,3.790092468E0,2.500000000E0,2.000000000E1
6.697115703E2,5.162316128E1,6.974551460E0,5.058188164E1,9.531402588E1,0.000000000E0,0.000000000E0,9.095679871E-1,3.790092468E0,2.500000000E0,2.000000000E1
6.707091238E2,5.162316131E1,6.974551460E0,5.058700868E1,9.531915283E1,0.000000000E0,0.000000000E0,9.097476491E-1,3.790092468E0,2.500000000E0,2.000000000E1
6.717098313E2,5.162316084E1,6.974548970E0,5.086148426E1,9.559362793E1,0.000000000E0,0.000000000E0,9.101330379E-1,3.790092468E0,2.500000000E0,2.000000000E1
6.727116241E2,5.162315776E1,6.974546410E0,5.033559815E1,9.506774902E1,0.000000000E0,0.000000000E0,9.103692613E-1,3.790092468E0,2.500000000E0,2.000000000E1
6.737116621E2,5.162315601E1,6.974544470E0,5.035976435E1,9.509191895E1,0.000000000E0,0.000000000E0,9.106663085E-1,3.790092468E0,2.500000000E0,2.000000000E1
6.747085719E2,5.162315518E1,6.974540380E0,5.073763361E1,9.546978760E1,0.000000000E0,0.000000000E0,9.108810279E-1,3.790092468E0,2.500000000E0,2.100000000E1
6.757114945E2,5.162315521E1,6.974537270E0,5.106545585E1,9.579760742E1,0.000000000E0,0.000000000E0,9.109688746E-1,3.790092468E0,2.500000000E0,2.100000000E1
6.767110452E2,5.162315600E1,6.974537260E0,5.107418622E1,9.580633545E1,0.000000000E0,0.000000000E0,9.112997067E-1,3.790092468E0,2.500000000E0,2.100000000E1
6.777083557E2,5.162315864E1,6.974535050E0,5.133225233E1,9.606439209E1,0.000000000E0,0.000000000E0,9.115501688E-1,3.790092468E0,2.500000000E0,2.100000000E1
6.787098820E2,5.162316077E1,6.974536230E0,5.129069281E1,9.602282715E1,0.000000000E0,0.000000000E0,9.116965822E-1,3.790092468E0,2.530999422E0,2.100000000E1
6.797088459E2,5.162316204E1,6.974535670E0,5.115141477E1,9.588354492E1,0.000000000E0,0.000000000E0,9.121713617E-1,3.790092468E0,2.500000000E0,2.100000000E1
6.807082888E2,5.162316368E1,6.974529320E0,5.155797955E1,9.629010010E1,0.000000000E0,0.000000000E0,9.124651443E-1,3.790092468E0,2.500000000E0,2.000000000E1
6.817088047E2,5.162316441E1,6.974525230E0,5.190460343E1,9.663671875E1,0.000000000E0,0.000000000E0,9.126722917E-1,3.790092468E0,2.500000000E0,2.100000000E1
6.827092877E2,5.162316437E1,6.974522230E0,5.208862656E1,9.682073975E1,0.000000000E0,0.000000000E0,9.127509569E-1,3.790092468E0,2.500000000E0,2.100000000E1
6.837089689E2,5.162316453E1,6.974521120E0,5.216376214E1,9.689587402E1,0.000000000E0,0.000000000E0,9.127683929E-1,3.790092468E0,2.500000000E0,2.100000000E1
6.847087291E2,5.162316464E1,6.974520940E0,5.215344766E1,9.688555908E1,0.000000000E0,0.000000000E0,9.127743465E-1,3.790092468E0,2.500000000E0,2.100000000E1
6.857087042E2,5.162316466E1,6.974521020E0,5.216156533E1,9.689367676E1,0.000000000E0,0.000000000E0,9.127796648E-1,3.790092468E0,2.500000000E0,2.100000000E1
6.867086363E2,5.162316469E1,6.974521080E0,5.216998823E1,9.690209961E1,0.000000000E0,0.000000000E0,9.127819933E-1,3.790092468E0,2.500000000E0,2.100000000E1
6.877090244E2,5.162316471E1,6.974521090E0,5.217310107E1,9.690521240E1,0.000000000E0,0.000000000E0,9.127896604E-1,3.790092468E0,2.500000000E0,2.100000000E1
6.887093096E2,5.162316474E1,6.974521190E0,5.217151417E1,9.690362549E1,0.000000000E0,0.000000000E0,9.127949799E-1,3.790092468E0,2.500000000E0,2.100000000E1
6.897123575E2,5.162316472E1,6.974521120E0,5.218903126E1,9.692114258E1,0.000000000E0,0.000000000E0,9.127962887E-1,3.790092468E0,2.500000000E0,2.200000000E1
6.907090969E2,5.162316473E1,6.974521110E0,5.218628471E1,9.691839600E1,0.000000000E0,0.000000000E0,9.128138665E-1,3.790092468E0,2.500000000E0,2.200000000E1
6.917101769E2,5.162316476E1,6.974520860E0,5.221539876E1,9.694750977E1,0.000000000E0,0.000000000E0,9.128420339E-1,3.790092468E0,2.500000000E0,2.200000000E1
6.927094439E2,5.162316481E1,6.974520460E0,5.226093143E1,9.699304199E1,0.000000000E0,0.000000000E0,9.128479058E-1,3.790092468E0,2.500000000E0,2.200000000E1
6.937088094E2,5.162316484E1,6.974520390E0,5.226312884E1,9.699523926E1,0.000000000E0,0.000000000E0,9.128548388E-1,3.790092468E0,2.500000000E0,2.200000000E1
6.947092814E2,5.162316479E1,6.974520450E0,5.225995482E1,9.699206543E1,0.000000000E0,0.000000000E0,9.128594960E-1,3.790092468E0,2.500000000E0,2.200000000E1
6.957082228E2,5.162316475E1,6.974520470E0,5.226300644E1,9.699511719E1,0.000000000E0,0.000000000E0,9.128641973E-1,3.790092468E0,2.500000000E0,2.200000000E1
6.967097674E2,5.162316477E1,6.974520410E0,5.227240596E1,9.700451660E1,0.000000000E0,0.000000000E0,9.128641973E-1,3.790092468E0,2.500000000E0,2.200000000E1
6.977086515E2,5.162316477E1,6.974520410E0,5.227051387E1,9.700262451E1,0.000000000E0,0.000000000E0,9.128672361E-1,3.790092468E0,2.500000000E0,2.200000000E1
6.987085397E2,5.162316479E1,6.974520440E0,5.227057494E1,9.700268555E1,0.000000000E0,0.000000000E0,9.128685450E-1,3.790092468E0,2.500000000E0,2.200000000E1
6.997085724E2,5.162316478E1,6.974520450E0,5.227551875E1,9.700762939E1,0.000000000E0,0.000000000E0,9.128719515E-1,3.790092468E0,2.500000000E0,2.200000000E1
7.007113842E2,5.162316481E1,6.974520460E0,5.227771610E1,9.700982666E1,0.000000000E0,0.000000000E0,9.131661865E-1,3.790092468E0,2.500000000E0,2.200000000E1
7.017094515E2,5.162316247E1,6.974522450E0,5.193426286E1,9.666638184E1,1.700000018E-1,1.825000000E2,9.135597321E-1,3.790092468E0,2.500000000E0,2.200000000E1
7.027105116E2,5.162316062E1,6.974527310E0,5.153636556E1,9.626849365E1,0.000000000E0,0.000000000E0,9.137543356E-1,3.790092468E0,2.500000000E0,2.100000000E1
7.037099403E2,5.162316125E1,6.974529940E0,5.178129953E1,9.651342773E1,0.000000000E0,0.000000000E0,9.139069258E-1,3.790092468E0,2.530567408E0,2.100000000E1
7.047091783E2,5.162316186E1,6.974527960E0,5.172618808E1,9.645831299E1,0.000000000E0,0.000000000E0,9.139853159E-1,3.790092468E0,2.654179096E0,2.200000000E1
7.057087375E2,5.162316132E1,6.974527230E0,5.189537648E1,9.662750244E1,0.000000000E0,0.000000000E0,9.140727325E-1,3.790092468E0,2.837403297E0,2.200000000E1
7.067086854E2,5.162316205E1,6.974527700E0,5.191613024E1,9.664825439E1,0.000000000E0,0.000000000E0,9.142186656E-1,3.790092468E0,3.112130404E0,2.200000000E1
7.077105696E2,5.162316335E1,6.974527990E0,5.183959578E1,9.657171631E1,0.000000000E0,0.000000000E0,9.143589129E-1,3.790092468E0,3.604629040E0,2.200000000E1
7.087094546E2,5.162316398E1,6.974529750E0,5.155553871E1,9.628765869E1,0.000000000E0,0.000000000E0,9.145225198E-1,3.790092468E0,3.282209873E0,2.200000000E1
7.097110102E2,5.162316331E1,6.974531860E0,5.199987109E1,9.673199463E1,0.000000000E0,0.000000000E0,9.145899655E-1,3.790092468E0,3.268548727E0,2.300000000E1
7.107083604E2,5.162316290E1,6.974532580E0,5.180693720E1,9.653906250E1,0.000000000E0,0.000000000E0,9.147425276E-1,3.790092468E0,3.329237938E0,2.100000000E1
7.117103693E2,5.162316153E1,6.974532460E0,5.272264369E1,9.745477295E1,0.000000000E0,0.000000000E0,9.151368048E-1,3.790092468E0,3.104854822E0,2.100000000E1
7.127105938E2,5.162315856E1,6.974535580E0,5.291574779E1,9.764788818E1,0.000000000E0,0.000000000E0,9.151594979E-1,3.790092468E0,3.070214033E0,2.100000000E1
7.137098054E2,5.162315837E1,6.974535460E0,5.300278345E1,9.773492432E1,0.000000000E0,0.000000000E0,9.152991090E-1,3.790092468E0,2.998080969E0,2.100000000E1
7.147088086E2,5.162315962E1,6.974535270E0,5.296781415E1,9.769995117E1,0.000000000E0,0.000000000E0,9.155918861E-1,3.790092468E0,2.992788315E0,2.200000000E1
7.157096679E2,5.162315956E1,6.974539510E0,5.308255689E1,9.781469727E1,0.000000000E0,0.000000000E0,9.158309609E-1,3.790092468E0,2.903801441E0,2.200000000E1
7.167087151E2,5.162316025E1,6.974542790E0,5.297830843E1,9.771044922E1,0.000000000E0,0.000000000E0,9.162588457E-1,3.790092468E0,2.743715048E0,2.200000000E1
7.177094471E2,5.162315911E1,6.974548710E0,5.260531478E1,9.733746338E1,0.000000000E0,0.000000000E0,9.165879107E-1,3.790092468E0,2.637927532E0,2.200000000E1
7.187088165E2,5.162316071E1,6.974552720E0,5.240634190E1,9.713848877E1,0.000000000E0,0.000000000E0,9.168589537E-1,3.790092468E0,2.658157587E0,2.200000000E1
7.197093792E2,5.162316286E1,6.974554570E0,5.219632491E1,9.692846680E1,0.000000000E0,0.000000000E0,9.170114457E-1,3.790092468E0,2.849017382E0,2.200000000E1
7.207084213E2,5.162316252E1,6.974556710E0,5.193057523E1,9.666271973E1,0.000000000E0,0.000000000E0,9.171705371E-1,3.790092468E0,2.690441370E0,2.200000000E1
7.217163508E2,5.162316280E1,6.974558970E0,5.195132632E1,9.668347168E1,0.000000000E0,0.000000000E0,9.171849340E-1,3.790092468E0,2.658222198E0,2.200000000E1
7.227090938E2,5.162316269E1,6.974559080E0,5.182144310E1,9.655358887E1,0.000000000E0,0.000000000E0,9.172265031E-1,3.790092468E0,2.632724762E0,2.200000000E1
7.237085902E2,5.162316298E1,6.974558700E0,5.177658340E1,9.650872803E1,0.000000000E0,0.000000000E0,9.172500094E-1,3.790092468E0,2.604910612E0,2.200000000E1
7.247088400E2,5.162316308E1,6.974558400E0,5.173288275E1,9.646502686E1,0.000000000E0,0.000000000E0,9.172582684E-1,3.790092468E0,2.525001526E0,2.000000000E1
7.257075907E2,5.162316315E1,6.974558360E0,5.172958709E1,9.646173096E1,0.000000000E0,0.000000000E0,9.172635866E-1,3.790092468E0,2.500000000E0,2.000000000E1
7.267097655E2,5.162316318E1,6.974558300E0,5.171969952E1,9.645184326E1,0.000000000E0,0.000000000E0,9.172662043E-1,3.790092468E0,2.500000000E0,2.000000000E1
7.277104451E2,5.162316320E1,6.974558280E0,5.172140858E1,9.645355225E1,0.000000000E0,0.000000000E0,9.172692431E-1,3.790092468E0,2.500000000E0,2.000000000E1
7.287093046E2,5.162316322E1,6.974558250E0,5.171933347E1,9.645147705E1,0.000000000E0,0.000000000E0,9.172713141E-1,3.790092468E0,2.500000000E0,2.000000000E1
7.297105628E2,5.162316322E1,6.974558220E0,5.171524414E1,9.644738770E1,0.000000000E0,0.000000000E0,9.172748596E-1,3.790092468E0,2.500000000E0,2.100000000E1
7.307094546E2,5.162316324E1,6.974558180E0,5.170920175E1,9.644134521E1,0.000000000E0,0.000000000E0,9.172772103E-1,3.790092468E0,2.500000000E0,2.100000000E1
7.317100304E2,5.162316325E1,6.974558150E0,5.170779799E1,9.643994141E1,0.000000000E0,0.000000000E0,9.172878468E-1,3.790092468E0,2.500000000E0,2.100000000E1
7.327085926E2,5.162316319E1,6.974558030E0,5.173294439E1,9.646508789E1,0.000000000E0,0.000000000E0,9.172914732E-1,3.790092468E0,2.500000000E0,2.100000000E1
7.337108041E2,5.162316320E1,6.974557980E0,5.173721691E1,9.646936035E1,0.000000000E0,0.000000000E0,9.172938017E-1,3.790092468E0,2.500000000E0,2.200000000E1
7.347090751E2,5.162316322E1,6.974557970E0,5.174191669E1,9.647406006E1,0.000000000E0,0.000000000E0,9.172951106E-1,3.790092468E0,2.500000000E0,2.200000000E1
7.357105832E2,5.162316323E1,6.974557980E0,5.174557882E1,9.647772217E1,0.000000000E0,0.000000000E0,9.172968833E-1,3.790092468E0,2.500000000E0,2.200000000E1
7.367104523E2,5.162316322E1,6.974557960E0,5.175143818E1,9.648358154E1,0.000000000E0,0.000000000E0,9.172998601E-1,3.790092468E0,2.500000000E0,2.200000000E1
7.377086694E2,5.162316323E1,6.974557920E0,5.175070582E1,9.648284912E1,0.000000000E0,0.000000000E0,9.173057320E-1,3.790092468E0,2.500000000E0,2.200000000E1
7.387088691E2,5.162316326E1,6.974557850E0,5.174454141E1,9.647668457E1,0.000000000E0,0.000000000E0,9.173100207E-1,3.790092468E0,2.500000000E0,2.100000000E1
7.397090481E2,5.162316325E1,6.974557790E0,5.174319865E1,9.647534180E1,0.000000000E0,0.000000000E0,9.173100207E-1,3.790092468E0,2.500000000E0,1.800000000E1
7.407094849E2,5.162316325E1,6.974557790E0,5.174203898E1,9.647418213E1,0.000000000E0,0.000000000E0,9.173373232E-1,3.790092468E0,2.500000000E0,2.000000000E1
7.417104310E2,5.162316309E1,6.974557490E0,5.172330094E1,9.645544434E1,0.000000000E0,0.000000000E0,9.173579171E-1,3.790092468E0,2.500000000E0,2.000000000E1
7.427104683E2,5.162316298E1,6.974557250E0,5.172122560E1,9.645336914E1,0.000000000E0,0.000000000E0,9.173649690E-1,3.790092468E0,2.500000000E0,2.000000000E1
7.437099475E2,5.162316295E1,6.974557160E0,5.171683105E1,9.644897461E1,0.000000000E0,0.000000000E0,9.173684206E-1,3.790092468E0,2.500000000E0,1.900000000E1
7.447106224E2,5.162316295E1,6.974557110E0,5.171731936E1,9.644946289E1,0.000000000E0,0.000000000E0,9.173701934E-1,3.790092468E0,2.502769709E0,1.900000000E1
7.457103389E2,5.162316296E1,6.974557130E0,5.171597661E1,9.644812012E1,0.000000000E0,0.000000000E0,9.173728110E-1,3.790092468E0,2.541967869E0,1.800000000E1
7.467090414E2,5.162316294E1,6.974557150E0,5.171200925E1,9.644415283E1,0.000000000E0,0.000000000E0,9.173739229E-1,3.790092468E0,2.500000000E0,1.800000000E1
7.477099314E2,5.162316293E1,6.974557150E0,5.171603754E1,9.644818115E1,0.000000000E0,0.000000000E0,9.173746133E-1,3.790092468E0,2.500000000E0,1.800000000E1
7.487093929E2,5.162316293E1,6.974557140E0,5.171280268E1,9.644494629E1,0.000000000E0,0.000000000E0,9.173746133E-1,3.790092468E0,2.500000000E0,1.800000000E1
7.497084753E2,5.162316293E1,6.974557140E0,5.171353510E1,9.644567871E1,0.000000000E0,0.000000000E0,9.173753036E-1,3.790092468E0,2.500000000E0,1.900000000E1
7.507074391E2,5.162316293E1,6.974557130E0,5.171347408E1,9.644561768E1,0.000000000E0,0.000000000E0,9.173766124E-1,3.790092468E0,2.500000000E0,2.000000000E1
7.517086501E2,5.162316292E1,6.974557120E0,5.171762444E1,9.644976807E1,0.000000000E0,0.000000000E0,9.178254803E-1,3.790092468E0,2.500000000E0,2.100000000E1
7.527084583E2,5.162316515E1,6.974551700E0,5.189366050E1,9.662579346E1,8.000000119E-1,2.523000031E2,9.189282426E-1,3.790092468E0,2.500000000E0,2.100000000E1
7.537088299E2,5.162317153E1,6.974539470E0,5.196021686E1,9.669232178E1,1.840000033E0,2.665000000E2,9.216704709E-1,3.790092468E0,2.500000000E0,2.200000000E1
7.547101047E2,5.162318935E1,6.974566930E0,5.173136720E1,9.646343994E1,2.119999886E0,5.290000153E1,9.250414061E-1,3.790092468E0,2.500000000E0,2.200000000E1
7.557100470E2,5.162320076E1,6.974612170E0,5.191953846E1,9.665161133E1,2.569999933E0,8.259999847E1,9.280066047E-1,3.790092468E0,2.500000000E0,2.200000000E1
7.567119431E2,5.162319665E1,6.974654610E0,5.184985339E1,9.658197021E1,2.880000114E0,1.201999969E2,9.306653451E-1,3.790092468E0,2.500000000E0,2.200000000E1
7.577085356E2,5.162318103E1,6.974683770E0,5.165264175E1,9.638482666E1,2.200000048E0,1.541999969E2,9.336166103E-1,3.790092468E0,2.500000000E0,2.200000000E1
7.587089129E2,5.162315471E1,6.974689280E0,5.137954946E1,9.611181641E1,2.880000114E0,1.873999939E2,9.367624243E-1,3.790092468E0,2.500000000E0,2.200000000E1
7.597085551E2,5.162312957E1,6.974668380E0,5.177115331E1,9.650347900E1,3.089999914E0,2.291000061E2,9.395305218E-1,3.790092468E0,2.500000000E0,2.100000000E1
7.607080249E2,5.162312034E1,6.974631140E0,5.157913729E1,9.631146240E1,2.680000067E0,2.703999939E2,9.478186498E-1,3.790092468E0,2.500000000E0,2.200000000E1
7.617089801E2,5.162316870E1,6.974539780E0,5.015356763E1,9.488568115E1,5.239999771E0,3.198999939E2,9.524380315E-1,3.790092468E0,2.500000000E0,2.200000000E1
7.627091589E2,5.162319456E1,6.974487410E0,5.040118097E1,9.513317871E1,4.800000191E0,3.568999939E2,9.591375116E-1,3.790092468E0,2.500000000E0,2.200000000E1
7.637079504E2,5.162324680E1,6.974535760E0,4.952208794E1,9.425396729E1,4.659999847E0,3.509999847E1,9.625953126E-1,3.790092468E0,2.602096796E0,2.200000000E1
7.647087455E2,5.162326664E1,6.974574330E0,4.819820420E1,9.293005371E1,3.460000038E0,9.259999847E1,9.697925460E-1,3.853114605E0,2.738126278E0,2.200000000E1
7.657088554E2,5.162322446E1,6.974653410E0,4.750362313E1,9.223565674E1,2.180000067E0,1.566000061E2,9.726145691E-1,4.640737057E0,3.478691339E0,2.200000000E1
7.667082811E2,5.162320337E1,6.974676150E0,4.707550412E1,9.180761719E1,1.659999967E0,1.185999985E2,9.880164737E-1,5.663532734E0,3.594767094E0,2.200000000E1
7.677095972E2,5.162317707E1,6.974457100E0,4.758218218E1,9.231420898E1,1.217000008E1,2.661000061E2,9.914944127E-1,4.087231159E0,3.239460468E0,2.200000000E1
7.687111087E2,5.162317285E1,6.974407180E0,4.888457526E1,9.361657715E1,5.670000076E0,2.717999878E2,9.941871826E-1,4.112246513E0,3.070298672E0,2.100000000E1
7.697077063E2,5.162319683E1,6.974412620E0,4.850720075E1,9.323913574E1,2.390000105E0,3.352000122E2,9.999210954E-1,4.225877762E0,3.054216623E0,2.300000000E1
7.707083801E2,5.162324839E1,6.974413920E0,4.758547739E1,9.231726074E1,4.809999943E0,3.506000061E2,1.022415483E0,4.941490650E0,3.229165316E0,2.300000000E1
7.717103613E2,5.162311253E1,6.974655350E0,4.723113460E1,9.196350098E1,1.485999966E1,1.328000031E2,1.029245231E0,3.999064207E0,3.104695082E0,2.300000000E1
7.727112742E2,5.162308642E1,6.974744900E0,4.773440819E1,9.246691895E1,8.380000114E0,1.300000000E2,1.034423574E0,4.248823643E0,3.090086937E0,2.300000000E1
7.737083656E2,5.162304025E1,6.974754710E0,4.763929348E1,9.237194824E1,6.230000019E0,1.631000061E2,1.037224214E0,4.775457382E0,3.081712723E0,2.300000000E1
7.747077985E2,5.162302337E1,6.974724600E0,4.617515474E1,9.090783691E1,3.920000076E0,1.778000031E2,1.044539592E0,6.267089844E0,3.283984184E0,2.300000000E1
7.757125496E2,5.162306204E1,6.974638870E0,4.652207416E1,9.125457764E1,1.799999952E0,1.385000000E2,1.052913608E0,5.894599915E0,3.308952093E0,2.300000000E1
7.767111090E2,5.162313715E1,6.974647690E0,4.681678451E1,9.154907227E1,3.730000019E0,1.650000000E1,1.057970091E0,6.117770195E0,3.216053247E0,2.300000000E1
7.777087707E2,5.162317572E1,6.974686490E0,4.698312937E1,9.171533203E1,3.369999886E0,3.570000076E1,1.060503644E0,5.561949253E0,3.121497869E0,2.300000000E1
7.787104067E2,5.162317465E1,6.974723150E0,4.627777647E1,9.101000977E1,2.190000057E0,4.770000076E1,1.063395675E0,5.958610058E0,3.054473639E0,2.300000000E1
7.797115035E2,5.162315882E1,6.974689910E0,4.491557190E1,8.964782715E1,9.100000262E-1,3.572000122E2,1.071387163E0,5.409099579E0,2.913433790E0,2.300000000E1
7.807112992E2,5.162319227E1,6.974587450E0,4.477591613E1,8.950799561E1,5.219999790E0,3.117000122E2,1.073970691E0,5.922407150E0,3.396190405E0,2.300000000E1
7.817076055E2,5.162319979E1,6.974552040E0,4.594704646E1,9.067907715E1,3.039999962E0,3.315000000E2,1.076874125E0,5.705477715E0,3.380552530E0,2.300000000E1
7.827114075E2,5.162322565E1,6.974546220E0,4.566392424E1,9.039587402E1,2.390000105E0,3.418999939E2,1.080637843E0,5.036228657E0,3.115753412E0,2.300000000E1
7.837091272E2,5.162322331E1,6.974600610E0,4.536858848E1,9.010058594E1,8.500000238E-1,2.300000000E1,1.086124416E0,5.152248383E0,3.242342234E0,2.300000000E1
7.847113639E2,5.162319043E1,6.974659870E0,4.618326610E1,9.091540527E1,0.000000000E0,0.000000000E0,1.089116769E0,4.636080265E0,3.047401667E0,2.300000000E1
7.857072692E2,5.162316352E1,6.974660220E0,4.657368911E1,9.130590820E1,5.600000024E-1,2.516000061E2,1.099320140E0,4.892814636E0,3.074737072E0,2.300000000E1
7.867113473E2,5.162316548E1,6.974512450E0,4.814094430E1,9.287304688E1,4.119999886E0,2.727000122E2,1.100368925E0,4.968960285E0,3.209616423E0,2.300000000E1
7.877109791E2,5.162317438E1,6.974517480E0,4.740744636E1,9.213952637E1,1.429999948E0,2.841000061E2,1.108917272E0,5.489839077E0,3.160345793E0,2.300000000E1
7.887118308E2,5.162318874E1,6.974639130E0,4.676768825E1,9.149981689E1,4.690000057E0,8.140000153E1,1.118196961E0,5.384865761E0,3.239601851E0,2.300000000E1
7.897088483E2,5.162314561E1,6.974754210E0,4.546058960E1,9.019293213E1,5.219999790E0,1.161999969E2,1.122266079E0,5.343066216E0,3.384834528E0,2.300000000E1
7.907114165E2,5.162311309E1,6.974781240E0,4.514077094E1,8.987322998E1,3.049999952E0,1.330000000E2,1.128254328E0,5.404909611E0,3.164753437E0,2.300000000E1
7.917118692E2,5.162309547E1,6.974699270E0,4.412466692E1,8.885711670E1,3.059999943E0,2.283000031E2,1.142296571E0,4.870727539E0,3.014644623E0,2.300000000E1
7.927085308E2,5.162321914E1,6.974658090E0,4.515710729E1,8.988916016E1,1.007999992E1,6.699999809E0,1.148341212E0,3.956648827E0,2.891179323E0,2.300000000E1
7.937086759E2,5.162326447E1,6.974706420E0,4.535166327E1,9.008361816E1,8.579999924E0,4.140000153E1,1.154423418E0,4.104874134E0,3.025510311E0,2.300000000E1
7.947111541E2,5.162331489E1,6.974740580E0,4.665684063E1,9.138867188E1,5.579999924E0,3.029999924E1,1.156417095E0,4.536773682E0,3.243180275E0,2.300000000E1
7.957119325E2,5.162329859E1,6.974752610E0,4.338212517E1,8.811401367E1,2.769999981E0,3.359999847E1,1.163880378E0,5.127805710E0,3.056315899E0,2.300000000E1
7.967106532E2,5.162323241E1,6.974770630E0,4.147389575E1,8.620599365E1,2.059999943E0,1.718999939E2,1.165110738E0,4.618504524E0,2.790781975E0,2.300000000E1
7.977087214E2,5.162322172E1,6.974775230E0,4.118992512E1,8.592205811E1,3.799999952E-1,3.890000153E1,1.167605733E0,4.567786694E0,2.773007393E0,2.300000000E1
7.987106653E2,5.162320754E1,6.974747220E0,4.175423518E1,8.648638916E1,5.299999714E-1,3.870000076E1,1.172249115E0,5.118368626E0,2.918814659E0,2.300000000E1
7.997129509E2,5.162322207E1,6.974684160E0,4.383483081E1,8.856689453E1,4.699999988E-1,3.779999924E1,1.176064967E0,5.275182724E0,2.899644613E0,2.200000000E1
8.007076104E2,5.162319475E1,6.974717610E0,4.439295242E1,8.912512207E1,9.200000167E-1,1.311999969E2,1.178144228E0,4.869956493E0,2.824493885E0,2.200000000E1
8.017098212E2,5.162317649E1,6.974711120E0,4.517378702E1,8.990600586E1,1.590000033E0,2.170000000E2,1.188021491E0,4.792977810E0,2.669447422E0,2.200000000E1
8.027109443E2,5.162311988E1,6.974600860E0,4.507189543E1,8.980419922E1,6.179999828E0,2.366999969E2,1.195440650E0,4.284408092E0,2.508174896E0,2.200000000E1
8.037109381E2,5.162307819E1,6.974516950E0,4.672753558E1,9.145989990E1,5.570000172E0,2.371000061E2,1.199399514E0,4.133285046E0,2.500000000E0,2.200000000E1
8.047090036E2,5.162311015E1,6.974491680E0,4.636552753E1,9.109777832E1,2.950000048E0,2.835000000E2,1.203752570E0,4.606215000E0,2.500000000E0,2.300000000E1
8.057115404E2,5.162314810E1,6.974476200E0,4.640501914E1,9.113714600E1,2.630000114E0,3.126000061E2,1.206163400E0,4.608131409E0,2.500000000E0,2.300000000E1
8.067115473E2,5.162316039E1,6.974504970E0,4.730389870E1,9.203601074E1,1.230000019E0,3.062999878E2,1.212696517E0,5.673966408E0,2.868300915E0,2.300000000E1
8.077104980E2,5.162313134E1,6.974587230E0,4.965830431E1,9.439056396E1,8.500000238E-1,2.271999969E2,1.215634130E0,5.462060452E0,3.063396454E0,2.300000000E1
8.087091285E2,5.162313449E1,6.974544980E0,4.946559626E1,9.419781494E1,2.539999962E0,2.935000000E2,1.222921720E0,4.702485085E0,2.886462927E0,2.300000000E1
8.097104939E2,5.162316596E1,6.974452380E0,5.002954053E1,9.476159668E1,3.789999962E0,3.027999878E2,1.231349735E0,4.754275799E0,3.188344717E0,2.300000000E1
8.107136316E2,5.162322344E1,6.974531960E0,4.769371354E1,9.242565918E1,4.809999943E0,2.660000038E1,1.251375573E0,5.277120113E0,3.271436453E0,2.300000000E1
8.117143229E2,5.162310113E1,6.974744890E0,5.044111678E1,9.517358398E1,1.389999962E1,1.346000061E2,1.257368455E0,4.017271519E0,3.033816099E0,2.300000000E1
8.127098735E2,5.162307142E1,6.974817320E0,5.003930221E1,9.477191162E1,6.510000229E0,1.393000031E2,1.260042722E0,4.172697067E0,2.973689795E0,2.300000000E1
8.137190947E2,5.162304841E1,6.974806050E0,4.933190612E1,9.406457520E1,4.059999943E0,1.656000061E2,1.266397427E0,4.768801212E0,2.947827101E0,2.300000000E1
8.147117735E2,5.162304378E1,6.974714300E0,4.936528635E1,9.409790039E1,3.079999924E0,2.348000031E2,1.273889686E0,4.926186562E0,3.005824327E0,2.300000000E1
8.157114670E2,5.162309004E1,6.974635390E0,5.019989403E1,9.493231201E1,2.640000105E0,3.057999878E2,1.279767773E0,5.209825516E0,3.080647707E0,2.300000000E1
8.167072726E2,5.162314286E1,6.974638820E0,5.020145161E1,9.493371582E1,3.609999895E0,3.592999878E2,1.282859324E0,6.003665447E0,3.239595413E0,2.300000000E1
8.177110277E2,5.162316983E1,6.974649700E0,5.029692124E1,9.502911377E1,2.349999905E0,8.600000381E0,1.285336729E0,6.034569263E0,3.127707481E0,2.300000000E1
8.187106093E2,5.162315362E1,6.974625080E0,4.934553672E1,9.407775879E1,1.559999943E0,2.672000122E2,1.289229360E0,5.332300663E0,2.912978888E0,2.300000000E1
8.197098337E2,5.162313621E1,6.974576160E0,4.977038756E1,9.450262451E1,4.210000038E0,2.697999878E2,1.291535316E0,5.088864803E0,3.008625269E0,2.300000000E1
8.207078741E2,5.162313183E1,6.974543510E0,4.966517445E1,9.439739990E1,2.440000057E0,2.737999878E2,1.294678142E0,5.663726807E0,3.145211458E0,2.300000000E1
8.217115149E2,5.162315680E1,6.974522180E0,4.866105292E1,9.339318848E1,2.180000067E0,3.226000061E2,1.296765313E0,4.562729836E0,2.924330950E0,2.300000000E1
8.227135463E2,5.162317493E1,6.974530010E0,4.800204310E1,9.273413086E1,1.470000029E0,2.979999924E1,1.299912212E0,4.520175457E0,2.759310961E0,2.300000000E1
8.237082437E2,5.162319170E1,6.974566730E0,4.802251200E1,9.275457764E1,1.559999943E0,4.190000153E1,1.304751350E0,4.714691639E0,2.777982712E0,2.300000000E1
8.247085399E2,5.162317985E1,6.974634180E0,4.774526575E1,9.247741699E1,2.940000057E0,1.048000031E2,1.308710340E0,5.425911427E0,2.857693195E0,2.300000000E1
8.257117412E2,5.162315566E1,6.974676260E0,4.762760891E1,9.235986328E1,2.730000019E0,1.358000031E2,1.311670750E0,5.534010410E0,2.938230515E0,2.300000000E1
8.267129489E2,5.162312919E1,6.974671660E0,4.831741437E1,9.304974365E1,2.660000086E0,1.746000061E2,1.313474024E0,4.899896622E0,2.912369728E0,2.300000000E1
8.277080257E2,5.162312728E1,6.974645720E0,4.852366595E1,9.325598145E1,4.600000083E-1,2.723999939E2,1.317546659E0,5.270864010E0,2.912667036E0,2.300000000E1
8.287082125E2,5.162316324E1,6.974656920E0,4.912050472E1,9.385272217E1,3.440000057E0,3.559999847E1,1.319418249E0,5.293894291E0,2.929031134E0,2.300000000E1
8.297119340E2,5.162317884E1,6.974667100E0,4.762261846E1,9.235479736E1,7.200000286E-1,3.809999847E1,1.319759858E0,5.224589825E0,2.718304634E0,2.300000000E1
8.307127160E2,5.162317685E1,6.974670870E0,4.904808582E1,9.378027344E1,8.700000048E-1,4.409999847E1,1.323453263E0,4.789513588E0,2.664848566E0,2.300000000E1
8.317073018E2,5.162315038E1,6.974638550E0,4.888500679E1,9.361724854E1,2.630000114E0,2.291000061E2,1.328130091E0,4.707663059E0,2.655163288E0,2.300000000E1
8.327082045E2,5.162312385E1,6.974585980E0,5.094551452E1,9.567779541E1,2.920000076E0,2.361000061E2,1.329298577E0,4.761572361E0,2.869791269E0,2.300000000E1
8.337114103E2,5.162311815E1,6.974571760E0,5.015607959E1,9.488836670E1,6.999999881E-1,2.338000031E2,1.346796104E0,5.291125774E0,3.051720619E0,2.300000000E1
8.347114885E2,5.162302235E1,6.974772840E0,5.507843589E1,9.981115723E1,1.268999958E1,1.410000000E2,1.350375483E0,4.165813923E0,2.951664209E0,2.300000000E1
8.357072691E2,5.162299291E1,6.974793810E0,5.626424612E1,1.009970703E2,6.179999828E0,1.690000000E2,1.355086353E0,4.097114086E0,2.890156031E0,2.300000000E1
8.367116912E2,5.162295902E1,6.974752860E0,5.476362718E1,9.949652100E1,6.429999828E0,1.881000061E2,1.361756800E0,4.430760384E0,2.919103146E0,2.300000000E1
8.377111361E2,5.162300658E1,6.974693970E0,5.049971296E1,9.523242188E1,3.289999962E0,1.630000000E2,1.368712102E0,4.840785027E0,2.908469677E0,2.300000000E1
8.387117966E2,5.162303022E1,6.974600690E0,5.174075859E1,9.647332764E1,3.289999962E0,2.667999878E2,1.383157733E0,5.097940445E0,3.050595760E0,2.300000000E1
8.397084030E2,5.162315698E1,6.974646510E0,5.099219809E1,9.572442627E1,7.070000172E0,1.750000000E1,1.386894767E0,4.741566658E0,2.923278332E0,2.300000000E1
8.407119767E2,5.162315259E1,6.974700180E0,5.083351451E1,9.556579590E1,2.079999924E0,6.170000076E1,1.390000167E0,4.651824951E0,2.861149311E0,2.300000000E1
8.417099104E2,5.162313109E1,6.974728890E0,4.980510905E1,9.453747559E1,1.549999952E0,1.043000031E2,1.397836710E0,4.425054550E0,2.625446558E0,2.300000000E1
8.427126975E2,5.162307988E1,6.974650900E0,4.872066532E1,9.345312500E1,4.360000134E0,2.276999969E2,1.405363883E0,4.335009575E0,2.529516697E0,2.300000000E1
8.437074239E2,5.162308384E1,6.974542050E0,4.971184747E1,9.444421387E1,4.570000172E0,2.635000000E2,1.409410624E0,4.799994469E0,3.111755371E0,2.300000000E1
8.447119276E2,5.162311456E1,6.974510620E0,4.864402981E1,9.337628174E1,2.880000114E0,2.903999939E2,1.413762718E0,6.494415760E0,3.557977200E0,2.300000000E1
8.457115453E2,5.162312636E1,6.974570730E0,4.667118035E1,9.140344238E1,8.999999762E-1,3.533999939E2,1.424021723E0,7.079789162E0,3.780086994E0,2.300000000E1
8.467117090E2,5.162304843E1,6.974650280E0,4.605052875E1,9.078308105E1,8.289999962E0,1.686999969E2,1.430726325E0,5.236119747E0,3.783491611E0,2.300000000E1
8.477066507E2,5.162299468E1,6.974606270E0,4.459520243E1,8.932788086E1,9.560000420E0,2.296000061E2,1.436610080E0,4.650346279E0,3.692399263E0,2.300000000E1
8.487104732E2,5.162296678E1,6.974533850E0,4.364931230E1,8.838201904E1,7.539999962E0,2.350000000E2,1.442207743E0,5.454236984E0,3.937378883E0,2.300000000E1
8.497122665E2,5.162301529E1,6.974512180E0,4.000469673E1,8.473724365E1,4.039999962E0,2.827999878E2,1.444498447E0,5.911176682E0,3.867193937E0,2.300000000E1
8.507130592E2,5.162303561E1,6.974517640E0,4.000273862E1,8.473522949E1,1.299999952E0,2.238000031E2,1.450628687E0,7.312338829E0,4.044342518E0,2.300000000E1
8.517134664E2,5.162309041E1,6.974507930E0,4.090628945E1,8.563861084E1,2.829999924E0,3.342000122E2,1.454195186E0,8.613693237E0,4.118146896E0,2.300000000E1
8.527109250E2,5.162311563E1,6.974539850E0,4.263802963E1,8.737030029E1,1.850000024E0,3.315000000E2,1.461336033E0,8.805311203E0,4.073435307E0,2.300000000E1
8.537121959E2,5.162307250E1,6.974616490E0,4.410879182E1,8.884124756E1,3.000000119E-1,9.919999695E1,1.480609182E0,7.750101089E0,3.913276434E0,2.300000000E1
8.547119930E2,5.162320527E1,6.974437020E0,4.580139691E1,9.053332520E1,1.248999977E1,3.178999939E2,1.486551164E0,4.837861061E0,3.511007786E0,2.300000000E1
8.557168293E2,5.162324740E1,6.974384070E0,4.657682983E1,9.130859375E1,7.650000095E0,3.211000061E2,1.494362599E0,4.792175293E0,3.480291605E0,2.300000000E1
8.567108468E2,5.162331730E1,6.974372790E0,4.575020191E1,9.048175049E1,7.989999771E0,3.437000122E2,1.497348861E0,5.427807331E0,3.397299767E0,2.300000000E1
8.577124481E2,5.162333473E1,6.974405700E0,4.443315121E1,8.916467285E1,4.690000057E0,3.568999939E2,1.512977377E0,6.166436195E0,3.488847256E0,2.300000000E1
8.587073601E2,5.162322505E1,6.974547270E0,4.115238604E1,8.588433838E1,5.269999981E0,1.523999939E2,1.518390727E0,6.456424236E0,3.774966240E0,2.300000000E1
8.597069398E2,5.162318242E1,6.974585140E0,4.154621342E1,8.627832031E1,2.980000019E0,1.645000000E2,1.525274701E0,7.394590378E0,3.939882278E0,2.300000000E1
8.607116108E2,5.162312131E1,6.974569170E0,4.437197223E1,8.910424805E1,3.210000038E0,1.776000061E2,1.529124597E0,6.672767162E0,4.179032326E0,2.300000000E1
8.617102829E2,5.162315261E1,6.974593010E0,4.380246694E1,8.853466797E1,1.529999971E0,7.419999695E1,1.535067645E0,6.466993809E0,4.306576729E0,2.300000000E1
8.627073940E2,5.162319607E1,6.974643120E0,4.512317571E1,8.985528564E1,4.389999866E0,5.609999847E1,1.540022551E0,6.822533131E0,4.438712120E0,2.300000000E1
8.637079880E2,5.162318997E1,6.974714220E0,4.471630507E1,8.944848633E1,4.090000153E0,8.280000305E1,1.541385980E0,7.437484264E0,4.532342434E0,2.300000000E1
8.647118416E2,5.162318376E1,6.974731250E0,4.441518750E1,8.914739990E1,2.019999981E0,8.480000305E1,1.551069642E0,8.011665344E0,4.515410900E0,2.300000000E1
8.657112489E2,5.162310927E1,6.974658580E0,4.404118113E1,8.877355957E1,4.460000038E0,2.188999939E2,1.556158664E0,7.847342491E0,4.612165451E0,2.300000000E1
8.667081963E2,5.162310085E1,6.974586120E0,4.629822954E1,9.103057861E1,3.079999924E0,2.520000000E2,1.557962336E0,6.463555336E0,4.173921585E0,2.300000000E1
8.677076036E2,5.162310046E1,6.974560000E0,4.614523282E1,9.087756348E1,1.309999943E0,2.503000031E2,1.559064028E0,7.950292110E0,4.292695999E0,2.300000000E1
8.687114673E2,5.162310928E1,6.974552730E0,4.629065011E1,9.102294922E1,8.799999952E-1,2.646000061E2,1.560946020E0,7.744056225E0,4.201494217E0,2.300000000E1
8.697112273E2,5.162311022E1,6.974579950E0,4.628916766E1,9.102148438E1,1.899999976E0,1.245000000E2,1.563604945E0,8.107616425E0,4.342486382E0,2.300000000E1
8.707094407E2,5.162311381E1,6.974618030E0,4.738479184E1,9.211712646E1,5.600000024E-1,1.513000031E2,1.564243457E0,7.875023842E0,4.357089520E0,2.300000000E1
8.717113746E2,5.162311061E1,6.974610350E0,4.630116996E1,9.103350830E1,1.710000038E0,2.548000031E2,1.567249144E0,7.925288677E0,4.177624702E0,2.300000000E1
8.727097903E2,5.162311567E1,6.974567580E0,4.899738398E1,9.372967529E1,3.410000086E0,2.762000122E2,1.570451667E0,5.568078518E0,3.683244467E0,2.300000000E1
8.737125156E2,5.162313806E1,6.974538400E0,4.859085590E1,9.332305908E1,3.190000057E0,3.146000061E2,1.574118541E0,6.042688370E0,3.726622820E0,2.300000000E1
8.747101912E2,5.162316870E1,6.974558040E0,4.762590502E1,9.235803223E1,1.960000038E0,2.100000000E1,1.577784409E0,6.129055023E0,3.644269466E0,2.300000000E1
8.757154967E2,5.162318360E1,6.974605410E0,4.790685846E1,9.263897705E1,3.089999914E0,5.000000000E1,1.579963976E0,6.765273571E0,3.680064917E0,2.300000000E1
8.767197036E2,5.162318202E1,6.974636880E0,4.737136878E1,9.210351562E1,6.399999857E-1,7.130000305E1,1.582599691E0,6.156883717E0,3.510261297E0,2.300000000E1
8.777131198E2,5.162316461E1,6.974610970E0,4.693652221E1,9.166870117E1,3.759999990E0,2.350000000E2,1.585134659E0,5.873054981E0,3.461094379E0,2.300000000E1
8.787099083E2,5.162315737E1,6.974576150E0,4.728931007E1,9.202148438E1,1.690000057E0,2.927000122E2,1.588589291E0,5.184098244E0,3.103545427E0,2.300000000E1
8.797134556E2,5.162318522E1,6.974553970E0,4.813688226E1,9.286895752E1,3.869999886E0,3.371000061E2,1.592071874E0,4.620686054E0,2.983478546E0,2.300000000E1
8.807114949E2,5.162321653E1,6.974555220E0,4.740668836E1,9.213867188E1,2.440000057E0,3.575000000E2,1.593602162E0,4.683395863E0,2.899074078E0,2.300000000E1
8.817090823E2,5.162322682E1,6.974569940E0,4.814535525E1,9.287731934E1,2.899999917E-1,2.599999905E0,1.596076715E0,4.958576202E0,2.958855867E0,2.300000000E1
8.827080357E2,5.162321123E1,6.974595520E0,4.832216982E1,9.305419922E1,4.300000072E-1,2.371000061E2,1.597548536E0,4.802866459E0,2.801037550E0,2.300000000E1
8.837127327E2,5.162320272E1,6.974579190E0,4.798634144E1,9.271838379E1,2.220000029E0,2.628999939E2,1.598200680E0,4.576101780E0,2.640426159E0,2.300000000E1
8.847126602E2,5.162320169E1,6.974569890E0,4.774855239E1,9.248059082E1,9.700000286E-1,2.912000122E2,1.602992018E0,4.569541454E0,2.746297598E0,2.200000000E1
8.857100881E2,5.162321965E1,6.974632980E0,4.709279656E1,9.182482910E1,4.190000057E0,6.750000000E1,1.605928324E0,4.133838177E0,2.599671364E0,2.200000000E1
8.867100599E2,5.162321755E1,6.974675380E0,4.712016336E1,9.185223389E1,1.649999976E0,1.010999985E2,1.607070878E0,4.035466194E0,2.500000000E0,2.200000000E1
8.877135205E2,5.162321184E1,6.974689140E0,4.629445256E1,9.102655029E1,3.100000024E-1,1.561000061E2,1.609960086E0,4.004786968E0,2.500000000E0,2.200000000E1
8.887124061E2,5.162318882E1,6.974669730E0,4.497079056E1,8.970294189E1,3.599999905E0,2.133000031E2,1.614481761E0,4.000028610E0,2.500000000E0,2.200000000E1
8.897091741E2,5.162316903E1,6.974612510E0,4.637397310E1,9.110614014E1,2.950000048E0,2.510000000E2,1.616890953E0,4.653516769E0,2.907756329E0,2.200000000E1
8.907105050E2,5.162316703E1,6.974577760E0,4.605160552E1,9.078375244E1,1.340000033E0,2.703999939E2,1.617685973E0,5.240232468E0,2.908518314E0,2.300000000E1
8.917128098E2,5.162316250E1,6.974568850E0,4.498433804E1,8.971649170E1,7.900000215E-1,2.636000061E2,1.619828073E0,5.250396252E0,2.811363220E0,2.300000000E1
8.927120100E2,5.162314439E1,6.974579430E0,4.699239419E1,9.172460938E1,2.490000010E0,1.966000061E2,1.622784611E0,5.686616898E0,2.854520082E0,2.300000000E1
8.937087136E2,5.162312138E1,6.974600890E0,4.828814741E1,9.302044678E1,2.160000086E0,2.091000061E2,1.625761171E0,4.640835762E0,2.703032017E0,2.300000000E1
8.947085455E2,5.162312042E1,6.974557800E0,4.724459775E1,9.197686768E1,4.670000076E0,2.777999878E2,1.630941300E0,4.965795517E0,2.825476646E0,2.300000000E1
8.957128453E2,5.162313848E1,6.974488630E0,4.932459805E1,9.405676270E1,4.880000114E0,2.895000000E2,1.634909725E0,4.681026936E0,3.008627176E0,2.300000000E1
8.967116212E2,5.162316758E1,6.974455350E0,4.904370326E1,9.377575684E1,3.640000105E0,3.107999878E2,1.640456845E0,4.373785496E0,2.911943674E0,2.300000000E1
8.977099581E2,5.162320578E1,6.974507030E0,4.904481520E1,9.377679443E1,3.640000105E0,2.720000076E1,1.644690765E0,4.495174885E0,2.857429028E0,2.300000000E1
8.987116463E2,5.162321982E1,6.974564040E0,4.881013387E1,9.354211426E1,1.090000033E0,3.990000153E1,1.646260039E0,5.133854389E0,2.830857277E0,2.300000000E1
8.997139286E2,5.162321582E1,6.974585840E0,4.937407054E1,9.410607910E1,2.300000042E-1,2.900000000E1,1.648436973E0,5.409866333E0,2.821887732E0,2.300000000E1
9.007139154E2,5.162321087E1,6.974555330E0,4.944610023E1,9.417810059E1,3.940000057E0,2.871000061E2,1.650312303E0,5.681180000E0,3.228059769E0,2.300000000E1
9.017069286E2,5.162320815E1,6.974528520E0,4.951611959E1,9.424810791E1,1.639999986E0,2.943999939E2,1.651893591E0,4.979510307E0,2.995965719E0,2.200000000E1
9.027148054E2,5.162322209E1,6.974523990E0,4.789769501E1,9.262963867E1,2.599999905E0,3.517000122E2,1.653963655E0,4.257471561E0,2.778500557E0,2.200000000E1
9.037123377E2,5.162323484E1,6.974545840E0,4.672455964E1,9.145648193E1,1.590000033E0,2.260000038E1,1.655659142E0,4.359292984E0,2.805561543E0,2.200000000E1
9.047114778E2,5.162322980E1,6.974569020E0,4.496305275E1,8.969500732E1,2.899999917E-1,3.409999847E1,1.658759295E0,4.718149662E0,2.988840103E0,2.200000000E1
9.057110924E2,5.162320786E1,6.974596730E0,4.480397046E1,8.953601074E1,7.799999714E-1,2.817000122E2,1.659355147E0,4.931855679E0,3.122696638E0,2.200000000E1
9.067124686E2,5.162321304E1,6.974598940E0,4.348629615E1,8.821832275E1,2.920000076E0,3.427999878E2,1.661058461E0,5.669576645E0,3.685950994E0,2.200000000E1
9.077128407E2,5.162322703E1,6.974608990E0,4.417511177E1,8.890710449E1,2.710000038E0,1.920000076E1,1.663593815E0,6.160957813E0,4.176453590E0,2.200000000E1
9.087124573E2,5.162324449E1,6.974632610E0,4.627029956E1,9.100225830E1,2.789999962E0,3.200000000E1,1.665402774E0,4.992511749E0,3.698691130E0,2.100000000E1
9.097094436E2,5.162324190E1,6.974658480E0,4.673365142E1,9.146563721E1,8.700000048E-1,6.020000076E1,1.667227109E0,4.854742050E0,3.509350777E0,2.200000000E1
9.107121245E2,5.162322922E1,6.974675250E0,4.608321070E1,9.081524658E1,9.399999976E-1,1.190000000E2,1.670396517E0,5.072837830E0,3.366985321E0,2.200000000E1
9.117128205E2,5.162320164E1,6.974663660E0,4.472785210E1,8.945996094E1,3.309999943E0,2.108999939E2,1.674011458E0,5.257748127E0,3.374984026E0,2.200000000E1
9.127112760E2,5.162317272E1,6.974639740E0,4.666229370E1,9.139447021E1,1.120000005E0,2.203999939E2,1.675923262E0,5.203787804E0,3.327823162E0,2.200000000E1
9.137106038E2,5.162316068E1,6.974619970E0,4.619980949E1,9.093200684E1,7.599999905E-1,2.466999969E2,1.676838688E0,5.708565712E0,3.205996513E0,2.200000000E1
9.147138195E2,5.162315536E1,6.974609850E0,4.591903961E1,9.065124512E1,4.900000095E-1,2.661000061E2,1.677452835E0,5.846545219E0,3.012708902E0,2.200000000E1
9.157125272E2,5.162314988E1,6.974610960E0,4.700660801E1,9.173883057E1,7.099999785E-1,2.321999969E2,1.690853112E0,6.300919533E0,3.148258686E0,2.200000000E1
9.167115634E2,5.162307609E1,6.974457490E0,4.981802802E1,9.455035400E1,1.184000015E1,2.541000061E2,1.696019618E0,4.055979252E0,2.868991852E0,2.200000000E1
9.177085357E2,5.162307589E1,6.974382650E0,4.822317383E1,9.295544434E1,7.320000172E0,2.763999939E2,1.701721996E0,4.089653015E0,3.001821280E0,2.200000000E1
9.187122174E2,5.162312716E1,6.974384490E0,4.403533593E1,8.876745605E1,5.289999962E0,2.965000000E2,1.709216644E0,4.316884995E0,2.893094540E0,2.200000000E1
9.197133736E2,5.162319455E1,6.974382530E0,4.257203588E1,8.730395508E1,5.570000172E0,3.378999939E2,1.715248096E0,4.650288582E0,2.790109634E0,2.200000000E1
9.207090788E2,5.162320317E1,6.974468790E0,4.155740937E1,8.628936768E1,3.400000095E0,5.000000000E1,1.720406731E0,5.376026154E0,2.978571653E0,2.200000000E1
9.217081336E2,5.162320254E1,6.974543510E0,4.148728316E1,8.621929932E1,2.599999905E0,6.050000000E1,1.725261387E0,6.028366089E0,3.007153749E0,2.200000000E1
9.227132029E2,5.162316526E1,6.974580110E0,4.253835389E1,8.727050781E1,1.139999986E0,1.155000000E2,1.730610590E0,5.746067047E0,2.842208862E0,2.200000000E1
9.237130277E2,5.162312056E1,6.974551470E0,4.413290857E1,8.886517334E1,9.599999785E-1,1.916000061E2,1.744001892E0,5.316043854E0,3.000532150E0,2.100000000E1
9.247071629E2,5.162323957E1,6.974581180E0,4.626116826E1,9.099310303E1,1.081000042E1,2.589999962E1,1.751745665E0,3.984264851E0,2.824926138E0,2.200000000E1
9.257088972E2,5.162321543E1,6.974686400E0,4.423214834E1,8.896423340E1,8.850000381E0,9.630000305E1,1.755916841E0,3.889711618E0,2.785109282E0,2.200000000E1
9.267115015E2,5.162321646E1,6.974746800E0,4.357054608E1,8.830267334E1,4.269999981E0,9.119999695E1,1.760294068E0,3.873416185E0,2.699258089E0,2.200000000E1
9.277113425E2,5.162317968E1,6.974769400E0,4.272038366E1,8.745263672E1,3.509999990E0,1.488000031E2,1.766394504E0,4.346900940E0,2.691571474E0,2.200000000E1
9.287084198E2,5.162312482E1,6.974768550E0,4.157770482E1,8.631011963E1,4.480000019E0,1.726000061E2,1.770777108E0,4.500961781E0,2.596111059E0,2.200000000E1
9.297083751E2,5.162313405E1,6.974706830E0,4.059248786E1,8.532482910E1,2.559999943E0,2.453000031E2,1.777923378E0,5.187801361E0,2.705437899E0,2.200000000E1
9.307104438E2,5.162311939E1,6.974606040E0,4.235521529E1,8.708752441E1,2.740000010E0,2.471999969E2,1.780816753E0,4.557601929E0,2.608366966E0,2.200000000E1
9.317089200E2,5.162310856E1,6.974567930E0,4.253550964E1,8.726782227E1,2.579999924E0,2.360000000E2,1.783570758E0,4.786701202E0,2.653680801E0,2.200000000E1
9.327105238E2,5.162313107E1,6.974584570E0,4.306248031E1,8.779473877E1,5.600000024E-1,7.819999695E1,1.785749329E0,4.307898521E0,2.612254143E0,2.200000000E1
9.337120076E2,5.162312988E1,6.974616070E0,4.350697223E1,8.823925781E1,1.559999943E0,1.468999939E2,1.792469258E0,4.569060802E0,2.528803587E0,2.200000000E1
9.347106445E2,5.162309143E1,6.974540970E0,4.440577943E1,8.913812256E1,8.939999580E0,2.381000061E2,1.795725570E0,3.830503464E0,2.500000000E0,2.200000000E1
9.357083671E2,5.162308468E1,6.974495070E0,4.526504677E1,8.999737549E1,5.190000057E0,2.612000122E2,1.801697326E0,3.790092468E0,2.500000000E0,2.200000000E1
9.367076892E2,5.162313619E1,6.974470590E0,4.540608672E1,9.013824463E1,7.119999886E0,3.443999939E2,1.806714422E0,3.790092468E0,2.500000000E0,2.200000000E1
9.377083505E2,5.162317715E1,6.974501070E0,4.696606061E1,9.169812012E1,5.579999924E0,1.729999924E1,1.812232048E0,3.790092468E0,2.500000000E0,2.100000000E1
9.387088197E2,5.162321776E1,6.974547000E0,4.619875138E1,9.093072510E1,5.650000095E0,3.020000076E1,1.816916637E0,3.790092468E0,2.500000000E0,2.100000000E1
9.397107304E2,5.162318308E1,6.974585530E0,4.684486010E1,9.157696533E1,3.579999924E0,1.318999939E2,1.823361910E0,3.790092468E0,2.500000000E0,2.100000000E1
9.407086635E2,5.162312948E1,6.974621070E0,4.524024366E1,8.997253418E1,7.269999981E0,1.688000031E2,1.826041790E0,3.790092468E0,2.500000000E0,2.100000000E1
9.417070647E2,5.162310540E1,6.974619460E0,4.639703395E1,9.112939453E1,4.940000057E0,2.136999969E2,1.830051066E0,3.790092468E0,2.500000000E0,2.100000000E1
9.427085618E2,5.162307629E1,6.974585190E0,4.705004963E1,9.178247070E1,4.969999790E0,2.263999939E2,1.835945781E0,3.790092468E0,2.500000000E0,2.100000000E1
9.437088246E2,5.162311261E1,6.974522990E0,4.565188831E1,9.038415527E1,5.679999828E0,3.083999939E2,1.839130565E0,3.790092468E0,2.500000000E0,2.100000000E1
9.447090919E2,5.162313439E1,6.974493030E0,4.617944104E1,9.091162109E1,3.859999895E0,3.287999878E2,1.842769781E0,3.790092468E0,2.500000000E0,2.100000000E1
9.457089697E2,5.162316261E1,6.974519730E0,4.662396257E1,9.135607910E1,3.549999952E0,2.750000000E1,1.845672529E0,3.790092468E0,2.500000000E0,2.100000000E1
9.467080350E2,5.162317748E1,6.974554290E0,4.579640501E1,9.052850342E1,3.269999981E0,5.020000076E1,1.848107102E0,3.790092468E0,2.500000000E0,2.100000000E1
9.477101398E2,5.162319248E1,6.974579980E0,4.648521190E1,9.121728516E1,2.549999952E0,6.590000153E1,1.850287285E0,3.790092468E0,2.500000000E0,2.100000000E1
9.487082776E2,5.162318693E1,6.974610270E0,4.622644475E1,9.095855713E1,2.160000086E0,1.081999969E2,1.851699945E0,3.790092468E0,2.500000000E0,2.100000000E1
9.497089118E2,5.162318048E1,6.974627900E0,4.629385630E1,9.102600098E1,1.879999995E0,1.536000061E2,1.853502270E0,3.790092468E0,2.500000000E0,2.100000000E1
9.507081929E2,5.162316799E1,6.974644540E0,4.617857249E1,9.091076660E1,2.109999895E0,1.491000061E2,1.854713716E0,3.790092468E0,2.500000000E0,2.100000000E1
9.517086725E2,5.162315921E1,6.974654930E0,4.641962758E1,9.115185547E1,1.230000019E0,1.566000061E2,1.855368320E0,3.790092468E0,2.500000000E0,2.100000000E1
9.527077715E2,5.162315334E1,6.974655650E0,4.657799590E1,9.131024170E1,7.500000000E-1,1.760000000E2,1.856013383E0,3.790092468E0,2.500000000E0,2.100000000E1
9.537082312E2,5.162314766E1,6.974653750E0,4.692935990E1,9.166162109E1,7.099999785E-1,1.883000031E2,1.856722295E0,3.790092468E0,2.500000000E0,2.100000000E1
9.547101258E2,5.162314196E1,6.974649150E0,4.698867265E1,9.172094727E1,5.699999928E-1,2.051999969E2,1.857428935E0,3.790092468E0,2.500000000E0,2.100000000E1
9.557100146E2,5.162313573E1,6.974647130E0,4.726496188E1,9.199725342E1,6.100000143E-1,2.005000000E2,1.857626754E0,3.790092468E0,2.500000000E0,2.100000000E1
9.567123368E2,5.162313473E1,6.974649500E0,4.768909044E1,9.242138672E1,0.000000000E0,0.000000000E0,1.857916490E0,3.790092468E0,2.500000000E0,2.100000000E1
9.577086809E2,5.162313334E1,6.974645950E0,4.731195276E1,9.204425049E1,3.100000024E-1,2.593999939E2,1.858482849E0,3.790092468E0,2.500000000E0,2.100000000E1
9.587104094E2,5.162312911E1,6.974641380E0,4.698815216E1,9.172045898E1,5.500000119E-1,2.365000000E2,1.859056697E0,3.790092468E0,2.500000000E0,2.100000000E1
9.597104882E2,5.162312395E1,6.974641240E0,4.737912820E1,9.211145020E1,3.899999857E-1,2.030000000E2,1.859619508E0,3.790092468E0,2.500000000E0,2.100000000E1
9.607168646E2,5.162312012E1,6.974646570E0,4.736373201E1,9.209606934E1,0.000000000E0,0.000000000E0,1.859809600E0,3.790092468E0,2.500000000E0,2.100000000E1
9.617078765E2,5.162311918E1,6.974648870E0,4.714143746E1,9.187377930E1,4.399999976E-1,1.948999939E2,1.860236327E0,3.790092468E0,2.500000000E0,2.000000000E1
9.627126624E2,5.162312199E1,6.974653080E0,4.717287573E1,9.190521240E1,0.000000000E0,0.000000000E0,1.860358084E0,3.790092468E0,2.500000000E0,2.000000000E1
9.637080395E2,5.162312236E1,6.974654740E0,4.718642539E1,9.191876221E1,0.000000000E0,0.000000000E0,1.860399554E0,3.790092468E0,2.500000000E0,2.100000000E1
9.647114795E2,5.162312251E1,6.974654190E0,4.714608201E1,9.187841797E1,0.000000000E0,0.000000000E0,1.860444936E0,3.790092468E0,2.500000000E0,2.100000000E1
9.657097493E2,5.162312233E1,6.974653600E0,4.717446326E1,9.190679932E1,0.000000000E0,0.000000000E0,1.860560983E0,3.790092468E0,2.500000000E0,2.100000000E1
9.667083326E2,5.162312152E1,6.974652540E0,4.675887328E1,9.149121094E1,0.000000000E0,0.000000000E0,1.860810346E0,3.790092468E0,2.500000000E0,2.100000000E1
9.677085077E2,5.162311938E1,6.974651460E0,4.670772030E1,9.144006348E1,0.000000000E0,0.000000000E0,1.860917441E0,3.790092468E0,2.500000000E0,2.100000000E1
9.687080021E2,5.162311894E1,6.974650080E0,4.661091827E1,9.134326172E1,0.000000000E0,0.000000000E0,1.861049808E0,3.790092468E0,2.500000000E0,2.100000000E1
9.697132313E2,5.162311775E1,6.974650030E0,4.682032641E1,9.155267334E1,0.000000000E0,0.000000000E0,1.861111145E0,3.790092468E0,2.500000000E0,2.100000000E1
9.707080214E2,5.162311751E1,6.974649230E0,4.683595129E1,9.156829834E1,0.000000000E0,0.000000000E0,1.861283057E0,3.790092468E0,2.500000000E0,2.200000000E1
9.717085944E2,5.162311597E1,6.974649010E0,4.703168665E1,9.176403809E1,0.000000000E0,0.000000000E0,1.861337289E0,3.790092468E0,2.500000000E0,2.200000000E1
9.727094368E2,5.162311561E1,6.974648480E0,4.703284565E1,9.176519775E1,0.000000000E0,0.000000000E0,1.862282062E0,3.790092468E0,2.500000000E0,2.200000000E1
9.737104485E2,5.162310998E1,6.974638230E0,4.703704809E1,9.176940918E1,7.500000000E-1,2.413999939E2,1.863440527E0,3.790092468E0,2.500000000E0,2.200000000E1
9.747096322E2,5.162310480E1,6.974623670E0,4.801836691E1,9.275073242E1,9.100000262E-1,2.388999939E2,1.865238630E0,3.790092468E0,2.500000000E0,2.200000000E1
9.757083396E2,5.162309901E1,6.974599350E0,4.733367561E1,9.206604004E1,1.809999943E0,2.506000061E2,1.866726341E0,3.790092468E0,2.524051666E0,2.200000000E1
9.767067080E2,5.162309506E1,6.974578760E0,4.794030776E1,9.267266846E1,9.900000095E-1,2.501999969E2,1.867649115E0,3.790092468E0,2.702646732E0,2.100000000E1
9.777094008E2,5.162309479E1,6.974565400E0,4.832819539E1,9.306054688E1,8.100000024E-1,2.503999939E2,1.868117909E0,3.790092468E0,2.797889471E0,2.100000000E1
9.787095690E2,5.162309651E1,6.974559200E0,4.822914507E1,9.296148682E1,6.100000143E-1,2.503000031E2,1.868275686E0,3.790092468E0,2.734061956E0,2.200000000E1
9.797094214E2,5.162309559E1,6.974560940E0,4.970851116E1,9.444085693E1,1.800000072E-1,2.495000000E2,1.868414739E0,3.790092468E0,2.654040813E0,2.200000000E1
9.807086106E2,5.162309496E1,6.974562680E0,5.031843231E1,9.505078125E1,0.000000000E0,0.000000000E0,1.868853147E0,3.790092468E0,2.661190510E0,2.200000000E1
9.817145119E2,5.162309666E1,6.974568410E0,5.080311322E1,9.553546143E1,0.000000000E0,0.000000000E0,1.869130541E0,3.790092468E0,2.818137407E0,2.200000000E1
9.827095306E2,5.162309465E1,6.974570790E0,5.048169435E1,9.521405029E1,0.000000000E0,0.000000000E0,1.869206105E0,3.790092468E0,2.810208797E0,2.200000000E1
9.837098497E2,5.162309488E1,6.974569760E0,5.039063135E1,9.512298584E1,0.000000000E0,0.000000000E0,1.869223832E0,3.790092468E0,2.667668343E0,2.200000000E1
9.847091166E2,5.162309498E1,6.974569960E0,5.042993814E1,9.516229248E1,0.000000000E0,0.000000000E0,1.869269661E0,3.790092468E0,2.666707039E0,2.100000000E1
9.857098759E2,5.162309538E1,6.974569800E0,5.034235399E1,9.507470703E1,0.000000000E0,0.000000000E0,1.869412074E0,3.790092468E0,2.620861769E0,2.100000000E1
9.867100945E2,5.162309512E1,6.974571820E0,5.026550845E1,9.499786377E1,0.000000000E0,0.000000000E0,1.869459765E0,3.790092468E0,2.637992382E0,2.100000000E1
9.877097082E2,5.162309554E1,6.974571680E0,5.027759476E1,9.500994873E1,0.000000000E0,0.000000000E0,1.869652813E0,3.790092468E0,2.591290236E0,2.100000000E1
9.887087570E2,5.162309495E1,6.974569050E0,5.041504616E1,9.514739990E1,1.899999976E-1,2.503999939E2,1.869742847E0,3.790092468E0,2.692232370E0,2.100000000E1
9.897123171E2,5.162309573E1,6.974569400E0,5.041327818E1,9.514562988E1,0.000000000E0,0.000000000E0,1.869872749E0,3.790092468E0,2.716255188E0,2.000000000E1
9.907095783E2,5.162309568E1,6.974571280E0,5.047657008E1,9.520892334E1,0.000000000E0,0.000000000E0,1.870086310E0,3.790092468E0,2.673125029E0,1.900000000E1
9.917088701E2,5.162309721E1,6.974573150E0,5.051813815E1,9.525048828E1,0.000000000E0,0.000000000E0,1.870242364E0,3.790092468E0,2.708970785E0,1.900000000E1
9.927085648E2,5.162309744E1,6.974570920E0,5.015955896E1,9.489190674E1,1.800000072E-1,2.461000061E2,1.870645540E0,3.790092468E0,2.625673532E0,1.900000000E1
9.937106559E2,5.162309915E1,6.974565770E0,5.005428224E1,9.478662109E1,3.700000048E-1,3.055000000E2,1.871258673E0,3.790092468E0,2.517958403E0,1.900000000E1
9.947105062E2,5.162310308E1,6.974559540E0,5.025156416E1,9.498388672E1,5.000000000E-1,3.253999939E2,1.871413324E0,3.790092468E0,2.535307407E0,1.900000000E1
9.957168337E2,5.162310306E1,6.974557300E0,5.032950767E1,9.506182861E1,0.000000000E0,0.000000000E0,1.871493846E0,3.790092468E0,2.500000000E0,2.000000000E1
9.967094917E2,5.162310372E1,6.974556820E0,5.030564524E1,9.503796387E1,0.000000000E0,0.000000000E0,1.872060680E0,3.790092468E0,2.500000000E0,2.000000000E1
9.977094604E2,5.162310364E1,6.974548610E0,5.103056571E1,9.576287842E1,4.399999976E-1,2.767000122E2,1.872421078E0,3.790092468E0,2.500000000E0,2.000000000E1
9.987122110E2,5.162310053E1,6.974547140E0,5.144700047E1,9.617932129E1,0.000000000E0,0.000000000E0,1.872678543E0,3.790092468E0,2.598844528E0,2.100000000E1
9.997111249E2,5.162309825E1,6.974547790E0,5.196414412E1,9.669647217E1,0.000000000E0,0.000000000E0,1.873652724E0,3.790092468E0,2.691019297E0,2.100000000E1
1.000707699E3,5.162309088E1,6.974540160E0,5.208986044E1,9.682220459E1,5.400000215E-1,2.048000031E2,1.874784761E0,3.790092468E0,2.599379063E0,2.100000000E1
1.001707975E3,5.162308206E1,6.974531970E0,5.108019692E1,9.581256104E1,7.300000191E-1,2.056999969E2,1.876732722E0,3.790092468E0,2.710585117E0,2.100000000E1
1.002709508E3,5.162306763E1,6.974515970E0,5.132870135E1,9.606109619E1,1.480000019E0,2.163000031E2,1.878248402E0,3.790092468E0,2.727393627E0,2.200000000E1
1.003713490E3,5.162305763E1,6.974501050E0,5.164515021E1,9.637756348E1,9.300000072E-1,2.375000000E2,1.879613481E0,3.790092468E0,2.879331112E0,2.100000000E1
1.004712101E3,5.162305493E1,6.974481760E0,5.238410931E1,9.711651611E1,8.199999928E-1,2.383000031E2,1.880599894E0,3.790092468E0,3.000808954E0,2.100000000E1
1.005711032E3,5.162305629E1,6.974467640E0,5.264840615E1,9.738079834E1,4.399999976E-1,2.386000061E2,1.881442586E0,3.790092468E0,2.936491013E0,2.100000000E1
1.006710539E3,5.162305714E1,6.974455510E0,5.209366921E1,9.682604980E1,4.799999893E-1,2.386000061E2,1.883034860E0,3.790092468E0,3.169694901E0,2.100000000E1
1.007710520E3,5.162305647E1,6.974432470E0,5.227654582E1,9.700891113E1,1.529999971E0,2.636000061E2,1.884399217E0,3.790092468E0,3.033481598E0,2.100000000E1
1.008707325E3,5.162305318E1,6.974413430E0,5.304010016E1,9.777246094E1,9.399999976E-1,2.388999939E2,1.885413938E0,3.790092468E0,3.107583523E0,2.000000000E1
1.009712851E3,5.162304827E1,6.974401040E0,5.301757293E1,9.774993896E1,8.199999928E-1,2.390000000E2,NaN,3.790092468E0,2.875911236E0,2.100000000E1